Workbook

Sheet Sheet1
C1: 朝食 | D1: 昼食 | E1: 夕食 | F1: その他 | G1: 自炊 | H1: 酒_5% | I1: 酒_7% | J1: 酒_9% | K1: 酒_日本酒 | L1: 洗濯 | M1: 掃除 | N1: シャワー | O1: お風呂 | P1: 歯磨き | Q1: 出社 | R1: 電車
A2: 45418 | B2: 月 | C2: × | D2: 外食 | E2: コンビニ | F2: × | G2: × | J2: 250ml | L2: - | M2: × | N2: × | O2: × | P2: × | Q2: -
A3: 45419 | B3: 火 | C3: × | D3: × | E3: コンビニ | F3: × | G3: × | I3: 500ml | J3: 250ml | L3: - | M3: × | N3: 朝 | O3: × | P3: 朝 | Q3: 〇 | R3: 出社のみ
A4: 45420 | B4: 水 | C4: × | D4: × | L4: - | M4: × | Q4: ×
A5: 45421 | B5: 木 | C5: × | D5: × | Q5: ×
A6: 45422 | B6: 金 | C6: × | D6: 外食 | Q6: 〇
A7: 45423 | B7: 土 | C7: × | D7: × | Q7: -
A8: 45424 | B8: 日 | C8: × | D8: × | Q8: -
A9: 45425 | B9: 月 | C9: × | D9: × | Q9: 〇
A10: 45426 | B10: 火 | C10: × | D10: × | Q10: ×
A11: 45427 | B11: 水 | C11: × | D11: × | Q11: ×
A12: 45428 | B12: 木 | C12: × | D12: × | Q12: ×
A13: 45429 | B13: 金 | Q13: 〇
A14: 45430 | B14: 土 | Q14: -
A15: 45431 | B15: 日 | Q15: -
A16: 45432 | B16: 月 | Q16: 〇
A17: 45433 | B17: 火 | Q17: ×
A18: 45434 | B18: 水 | Q18: ×
A19: 45435 | B19: 木 | Q19: ×
A20: 45436 | B20: 金 | Q20: 〇
A21: 45437 | B21: 土 | Q21: -
A22: 45438 | B22: 日 | Q22: -
A23: 45439 | B23: 月 | Q23: 〇
A24: 45440 | B24: 火 | Q24: ×
... A47: 45463 | B47: 木 | Q47: ×
Q48: 〇
Q49: -
Q50: -

Sheet Sheet2
C1: 生活用品 | D1: 飲み物 | E1: 食べ物 | F1: 酒
A2: 45418 | B2: 月 | C2: =SUMIFS(Sheet3!$J:$J,Sheet3!$A:$A,$A2,Sheet3!$C:$C,C$1) -> 3275 | D2: =SUMIFS(Sheet3!$J:$J,Sheet3!$A:$A,$A2,Sheet3!$C:$C,D$1) -> 138 | E2: =SUMIFS(Sheet3!$J:$J,Sheet3!$A:$A,$A2,Sheet3!$C:$C,E$1) -> 238 | F2: =SUMIFS(Sheet3!$J:$J,Sheet3!$A:$A,$A2,Sheet3!$C:$C,F$1) -> 0
A3: 45419 | B3: 火 | C3: =SUMIFS(Sheet3!$J:$J,Sheet3!$A:$A,$A3,Sheet3!$C:$C,C$1) -> 0 | D3: =SUMIFS(Sheet3!$J:$J,Sheet3!$A:$A,$A3,Sheet3!$C:$C,D$1) -> 0 | E3: =SUMIFS(Sheet3!$J:$J,Sheet3!$A:$A,$A3,Sheet3!$C:$C,E$1) -> 829 | F3: =SUMIFS(Sheet3!$J:$J,Sheet3!$A:$A,$A3,Sheet3!$C:$C,F$1) -> 228
A4: 45420 | B4: 水 | C4: =SUMIFS(Sheet3!$J:$J,Sheet3!$A:$A,$A4,Sheet3!$C:$C,C$1) -> 0 | D4: =SUMIFS(Sheet3!$J:$J,Sheet3!$A:$A,$A4,Sheet3!$C:$C,D$1) -> 0 | E4: =SUMIFS(Sheet3!$J:$J,Sheet3!$A:$A,$A4,Sheet3!$C:$C,E$1) -> 0 | F4: =SUMIFS(Sheet3!$J:$J,Sheet3!$A:$A,$A4,Sheet3!$C:$C,F$1) -> 0
A5: 45421 | B5: 木 | C5: =SUMIFS(Sheet3!$J:$J,Sheet3!$A:$A,$A5,Sheet3!$C:$C,C$1) -> 0 | D5: =SUMIFS(Sheet3!$J:$J,Sheet3!$A:$A,$A5,Sheet3!$C:$C,D$1) -> 0 | E5: =SUMIFS(Sheet3!$J:$J,Sheet3!$A:$A,$A5,Sheet3!$C:$C,E$1) -> 0 | F5: =SUMIFS(Sheet3!$J:$J,Sheet3!$A:$A,$A5,Sheet3!$C:$C,F$1) -> 0
A6: 45422 | B6: 金 | C6: =SUMIFS(Sheet3!$J:$J,Sheet3!$A:$A,$A6,Sheet3!$C:$C,C$1) -> 0 | D6: =SUMIFS(Sheet3!$J:$J,Sheet3!$A:$A,$A6,Sheet3!$C:$C,D$1) -> 0 | E6: =SUMIFS(Sheet3!$J:$J,Sheet3!$A:$A,$A6,Sheet3!$C:$C,E$1) -> 0 | F6: =SUMIFS(Sheet3!$J:$J,Sheet3!$A:$A,$A6,Sheet3!$C:$C,F$1) -> 0
A7: 45423 | B7: 土 | C7: =SUMIFS(Sheet3!$J:$J,Sheet3!$A:$A,$A7,Sheet3!$C:$C,C$1) -> 0 | D7: =SUMIFS(Sheet3!$J:$J,Sheet3!$A:$A,$A7,Sheet3!$C:$C,D$1) -> 0 | E7: =SUMIFS(Sheet3!$J:$J,Sheet3!$A:$A,$A7,Sheet3!$C:$C,E$1) -> 0 | F7: =SUMIFS(Sheet3!$J:$J,Sheet3!$A:$A,$A7,Sheet3!$C:$C,F$1) -> 0
A8: 45424 | B8: 日 | C8: =SUMIFS(Sheet3!$J:$J,Sheet3!$A:$A,$A8,Sheet3!$C:$C,C$1) -> 0 | D8: =SUMIFS(Sheet3!$J:$J,Sheet3!$A:$A,$A8,Sheet3!$C:$C,D$1) -> 0 | E8: =SUMIFS(Sheet3!$J:$J,Sheet3!$A:$A,$A8,Sheet3!$C:$C,E$1) -> 0 | F8: =SUMIFS(Sheet3!$J:$J,Sheet3!$A:$A,$A8,Sheet3!$C:$C,F$1) -> 0
A9: 45425 | B9: 月 | C9: =SUMIFS(Sheet3!$J:$J,Sheet3!$A:$A,$A9,Sheet3!$C:$C,C$1) -> 0 | D9: =SUMIFS(Sheet3!$J:$J,Sheet3!$A:$A,$A9,Sheet3!$C:$C,D$1) -> 0 | E9: =SUMIFS(Sheet3!$J:$J,Sheet3!$A:$A,$A9,Sheet3!$C:$C,E$1) -> 0 | F9: =SUMIFS(Sheet3!$J:$J,Sheet3!$A:$A,$A9,Sheet3!$C:$C,F$1) -> 0
A10: 45426 | B10: 火 | C10: =SUMIFS(Sheet3!$J:$J,Sheet3!$A:$A,$A10,Sheet3!$C:$C,C$1) -> 0 | D10: =SUMIFS(Sheet3!$J:$J,Sheet3!$A:$A,$A10,Sheet3!$C:$C,D$1) -> 0 | E10: =SUMIFS(Sheet3!$J:$J,Sheet3!$A:$A,$A10,Sheet3!$C:$C,E$1) -> 0 | F10: =SUMIFS(Sheet3!$J:$J,Sheet3!$A:$A,$A10,Sheet3!$C:$C,F$1) -> 0
A11: 45427 | B11: 水 | C11: =SUMIFS(Sheet3!$J:$J,Sheet3!$A:$A,$A11,Sheet3!$C:$C,C$1) -> 0 | D11: =SUMIFS(Sheet3!$J:$J,Sheet3!$A:$A,$A11,Sheet3!$C:$C,D$1) -> 0 | E11: =SUMIFS(Sheet3!$J:$J,Sheet3!$A:$A,$A11,Sheet3!$C:$C,E$1) -> 0 | F11: =SUMIFS(Sheet3!$J:$J,Sheet3!$A:$A,$A11,Sheet3!$C:$C,F$1) -> 0
A12: 45428 | B12: 木 | C12: =SUMIFS(Sheet3!$J:$J,Sheet3!$A:$A,$A12,Sheet3!$C:$C,C$1) -> 0 | D12: =SUMIFS(Sheet3!$J:$J,Sheet3!$A:$A,$A12,Sheet3!$C:$C,D$1) -> 0 | E12: =SUMIFS(Sheet3!$J:$J,Sheet3!$A:$A,$A12,Sheet3!$C:$C,E$1) -> 0 | F12: =SUMIFS(Sheet3!$J:$J,Sheet3!$A:$A,$A12,Sheet3!$C:$C,F$1) -> 0
A13: 45429 | B13: 金 | C13: =SUMIFS(Sheet3!$J:$J,Sheet3!$A:$A,$A13,Sheet3!$C:$C,C$1) -> 0 | D13: =SUMIFS(Sheet3!$J:$J,Sheet3!$A:$A,$A13,Sheet3!$C:$C,D$1) -> 0 | E13: =SUMIFS(Sheet3!$J:$J,Sheet3!$A:$A,$A13,Sheet3!$C:$C,E$1) -> 0 | F13: =SUMIFS(Sheet3!$J:$J,Sheet3!$A:$A,$A13,Sheet3!$C:$C,F$1) -> 0
... A47: 45463 | B47: 木 | C47: =SUMIFS(Sheet3!$J:$J,Sheet3!$A:$A,$A47,Sheet3!$C:$C,C$1) -> 0 | D47: =SUMIFS(Sheet3!$J:$J,Sheet3!$A:$A,$A47,Sheet3!$C:$C,D$1) -> 0 | E47: =SUMIFS(Sheet3!$J:$J,Sheet3!$A:$A,$A47,Sheet3!$C:$C,E$1) -> 0 | F47: =SUMIFS(Sheet3!$J:$J,Sheet3!$A:$A,$A47,Sheet3!$C:$C,F$1) -> 0

Sheet Sheet3
A1: 日付 | B1: 商品名 | C1: 大分類 | D1: 中分類 | E1: 消費税率 | F1: 単価 | G1: 購入数 | H1: 購入金額 | I1: 消費税 | J1: 金額
A2: 45418 | B2: ミノン全身SPしっとり450ml | C2: 生活用品 | D2: ボディソープ | E2: 0.1 | F2: =FLOOR(J2/1.1,1) -> 1300 | G2: 1 | H2: =F2*G2 -> 1300 | I2: =FLOOR(H2*E2,1) -> 130 | J2: 1430
A3: 45418 | B3: ミノン薬用ヘアシャンプー450ml | C3: 生活用品 | D3: シャンプー | E3: 0.1 | F3: =FLOOR(J3/1.1,1) -> 1400 | G3: 1 | H3: =F3*G3 -> 1400 | I3: =FLOOR(H3*E3,1) -> 140 | J3: 1540
A4: 45418 | B4: DPBDチョウゴクレギュラー普通 | C4: 生活用品 | D4: 歯ブラシ | E4: 0.1 | F4: =FLOOR(J4/1.1,1) -> 277 | G4: 1 | H4: =F4*G4 -> 277 | I4: =FLOOR(H4*E4,1) -> 27 | J4: 305
A5: 45418 | B5: ダカラ国産大麦麦茶680ml | C5: 飲み物 | D5: 麦茶 | E5: 0.08 | F5: 128 | G5: 1 | H5: =F5*G5 -> 128 | I5: =FLOOR(H5*E5,1) -> 10 | J5: =H5+I5 -> 138
A6: 45418 | B6: ペヤングソース焼きそば超大盛 | C6: 食べ物 | D6: カップ麺 | E6: 0.08 | F6: 221 | G6: 1 | H6: =F6*G6 -> 221 | I6: =FLOOR(H6*E6,1) -> 17 | J6: =H6+I6 -> 238
A7: 45419 | B7: 麺神牛だしチーズカレーうどん | C7: 食べ物 | D7: カップ麺 | E7: 0.08 | F7: 278 | G7: 1 | H7: =F7*G7 -> 278 | I7: =FLOOR(H7*E7,1) -> 22 | J7: =H7+I7 -> 300
A8: 45419 | B8: アサヒGINONレモン500ml | C8: 酒 | D8: チューハイ | E8: 0.1 | F8: 208 | G8: 1 | H8: =F8*G8 -> 208 | I8: =FLOOR(H8*E8,1) -> 20 | J8: =H8+I8 -> 228
A9: 45419 | B9: 冷しねぎまぜ麺 | C9: 食べ物 | D9: 食べ物 | E9: 0.08 | F9: 490 | G9: 1 | H9: =F9*G9 -> 490 | I9: =FLOOR(H9*E9,1) -> 39 | J9: =H9+I9 -> 529
A10: 45426 | B10: 快活CLUB | C10: 趣味 | D10: 宿泊 | E10: 0.1 | F10: =FLOOR(J10/1.1,1) -> 3281 | G10: 1 | H10: =F10*G10 -> 3281 | I10: =FLOOR(H10*E10,1) -> 328 | J10: 3610
A11: 45426 | B11: 快活CLUB | C11: 趣味 | D11: 宿泊 | E11: 0.1 | F11: =FLOOR(J11/1.1,1) -> 336 | G11: 1 | H11: =F11*G11 -> 336 | I11: =FLOOR(H11*E11,1) -> 33 | J11: 370
A12: 45422 | B12: 新年会 | C12: その他 | D12: その他 | E12: 0 | F12: 5200 | G12: 1 | H12: =F12*G12 -> 5200 | I12: =FLOOR(H12*E12,1) -> 0 | J12: =H12+I12 -> 5200
A13: 45422 | B13: 電車 | C13: 移動 | D13: 移動 | E13: 0 | F13: 420 | G13: 1 | H13: =F13*G13 -> 420 | I13: =FLOOR(H13*E13,1) -> 0 | J13: =H13+I13 -> 420
A14: 45422 | B14: 一蘭 | C14: 外食 | D14: 食べ物 | E14: 0 | F14: 1190 | G14: 1 | H14: =F14*G14 -> 1190 | I14: =FLOOR(H14*E14,1) -> 0 | J14: =H14+I14 -> 1190
A15: 45425 | B15: 新幹線 | C15: 趣味 | D15: 趣味 | E15: 0 | F15: 10560 | G15: 1 | H15: =F15*G15 -> 10560 | I15: =FLOOR(H15*E15,1) -> 0 | J15: =H15+I15 -> 10560
A16: 45426 | B16: 新幹線 | C16: 趣味 | D16: 趣味 | E16: 0 | F16: 10560 | G16: 1 | H16: =F16*G16 -> 10560 | I16: =FLOOR(H16*E16,1) -> 0 | J16: =H16+I16 -> 10560

Sheet Sheet4
B1: 10000 | C1: 5000 | D1: 1000 | E1: 500 | F1: 100 | G1: 50 | H1: 10 | I1: 5 | J1: 1 | L1: 静銀 | M1: 三井住友 | N1: 三菱UFJ | O1: 中央労働金庫
A2: 46029 | B2: 17 | C2: 1 | D2: 6 | E2: 1 | F2: 9 | G2: 2 | H2: 3 | I2: 8 | J2: 5 | K2: =SUM(B2*$B$1+C2*$C$1+D2*$D$1+E2*$E$1+F2*$F$1+G2*$G$1+H2*$H$1+I2*$I$1+J2*$J$1) -> 182575 | L2: 103924 | M2: 592 | N2: 938 | O2: 920
