Workbook

Sheet 給料
A1: 年 | B1: 月 | C1: 総手取り | D1: 給料手取り | E1: ボーナス手取り | F1: 給料 | G1: 雇用保険対象額 | H1: 課税対象額 | I1: 基本給 | J1: 時間外手当 | K1: 通勤費 | L1: 裁量労働手当 | M1: 在宅勤務費用補填 | N1: その他 | O1: その他 | P1: その他 | Q1: 謎課税 | R1: 控除 | S1: 雇用保険料 | T1: 厚生年金保険料 | U1: 健康保険(基本) | V1: 健康保険(特定) | W1: 子ども・子育て支援金 | X1: 所得税 | Y1: 住民税 | Z1: 労働組合費 | AA1: 共済会費 | AB1: 損害保険料 | AC1: 昼飯 | AD1: 家賃 | AE1: その他控除 | AF1: ボーナス | AG1: 基本賞与 | AH1: 個人別業績賞与 | AI1: その他手当 | AJ1: ボーナス控除 | AK1: 雇用保険料 | AL1: 厚生年金保険料 | AM1: 健康保険(基本) | AN1: 健康保険(特定) | AP1: 所得税 | AQ1: 年収 | AR1: 前年増減 | AS1: 前年増減月割り | AT1: 年手取り | AU1: 年手取り前年増減 | AV1: 年手取り前年増減月割り
A2: 2015 | B2: 4 | C2: =D2+E2 -> 212684 | D2: =F2-R2 -> 212684 | F2: =SUM(I2:P2) -> 233000 | G2: =SUM(I2:O2)-N2-M2 -> 233000 | H2: =SUM(I2:O2)-SUM(K2:K2)+Q2 -> 233000 | I2: 233000 | J2: 0 | K2: 0 | L2: 0 | M2: 0 | N2: 0 | O2: 0 | P2: 0 | Q2: 0 | R2: =SUM(S2:AE2) -> 20316 | S2: =FLOOR((G2)*IF(B2<=3,VLOOKUP(A2-1,割合!A:B,2,FALSE),VLOOKUP(A2,割合!A:B,2,FALSE)),1) -> 1165 | T2: 0 | U2: 0 | V2: 0 | W2: 0 | X2: 5900 | Y2: 0 | Z2: 2190 | AA2: 0 | AB2: 0 | AC2: 0 | AD2: 10700 | AE2: 361
A3: 2015 | B3: 5 | C3: =D3+E3 -> 184848 | D3: =F3-R3 -> 184848 | F3: =SUM(I3:P3) -> 233000 | G3: =SUM(I3:O3)-N3-M3 -> 233000 | H3: =SUM(I3:O3)-SUM(K3:K3)+Q3 -> 233000 | I3: =I2 -> 233000 | J3: 0 | K3: 0 | L3: 0 | M3: 0 | N3: 0 | O3: 0 | P3: 0 | Q3: 0 | R3: =SUM(S3:AE3) -> 48152 | S3: =FLOOR((G3)*IF(B3<=3,VLOOKUP(A3-1,割合!A:B,2,FALSE),VLOOKUP(A3,割合!A:B,2,FALSE)),1) -> 1165 | T3: 20968 | U3: 5298 | V3: 3870 | W3: 0 | X3: 4820 | Y3: =Y2 -> 0 | Z3: =Z2 -> 2190 | AA3: 100 | AB3: =AB2 -> 0 | AC3: 0 | AD3: =AD2 -> 10700 | AE3: =-10200+9241 -> -959
A4: 2015 | B4: 6 | C4: =D4+E4 -> 282154 | D4: =F4-R4 -> 177913 | E4: =AF4-AJ4 -> 104241 | F4: =SUM(I4:P4) -> 233000 | G4: =SUM(I4:O4)-N4-M4 -> 233000 | H4: =SUM(I4:O4)-SUM(K4:K4)+Q4 -> 233000 | I4: =I3 -> 233000 | J4: 0 | K4: 0 | L4: 0 | M4: 0 | N4: 0 | O4: 0 | P4: 0 | Q4: 0 | R4: =SUM(S4:AE4) -> 55087 | S4: =FLOOR((G4)*IF(B4<=3,VLOOKUP(A4-1,割合!A:B,2,FALSE),VLOOKUP(A4,割合!A:B,2,FALSE)),1) -> 1165 | T4: =T3 -> 20968 | U4: =U3 -> 5298 | V4: =V3 -> 3870 | W4: 0 | X4: 4820 | Y4: =Y3 -> 0 | Z4: =Z3 -> 2190 | AA4: =AA3 -> 100 | AB4: 1350 | AC4: 606 | AD4: =AD3 -> 10700 | AE4: =4020 -> 4020 | AF4: =SUM(AG4:AI4) -> 125000 | AG4: 125000 | AH4: 0 | AI4: 0 | AJ4: =SUM(AK4:AP4) -> 20759 | AK4: =FLOOR(AF4*VLOOKUP(A4,割合!A:B,2,FALSE),1) -> 625 | AL4: 10921 | AM4: 2760 | AN4: 2015 | AO4: 0 | AP4: 4438
A5: 2015 | B5: 7 | C5: =D5+E5 -> 198498 | D5: =F5-R5 -> 198498 | F5: =SUM(I5:P5) -> 242731 | G5: =SUM(I5:O5)-N5-M5 -> 242731 | H5: =SUM(I5:O5)-SUM(K5:K5)+Q5 -> 242731 | I5: =I4 -> 233000 | J5: 9731 | K5: 0 | L5: 0 | M5: 0 | N5: 0 | O5: 0 | P5: 0 | Q5: 0 | R5: =SUM(S5:AE5) -> 44233 | S5: =FLOOR((G5)*IF(B5<=3,VLOOKUP(A5-1,割合!A:B,2,FALSE),VLOOKUP(A5,割合!A:B,2,FALSE)),1) -> 1213 | T5: =T4 -> 20968 | U5: =U4 -> 5298 | V5: =V4 -> 3870 | W5: 0 | X5: 5170 | Y5: =Y4 -> 0 | Z5: =Z4 -> 2190 | AA5: =AA4 -> 100 | AB5: =AB4 -> 1350 | AC5: 0 | AD5: 0 | AE5: =4074 -> 4074
A6: 2015 | B6: 8 | C6: =D6+E6 -> 130530 | D6: =F6-R6 -> 130530 | F6: =SUM(I6:P6) -> 259680 | G6: =SUM(I6:O6)-N6-M6 -> 259680 | H6: =SUM(I6:O6)-SUM(K6:K6)+Q6 -> 233000 | I6: =I5 -> 233000 | J6: 0 | K6: 26680 | L6: 0 | M6: 0 | N6: 0 | O6: 0 | P6: 0 | Q6: 0 | R6: =SUM(S6:AE6) -> 129150 | S6: =FLOOR((G6)*IF(B6<=3,VLOOKUP(A6-1,割合!A:B,2,FALSE),VLOOKUP(A6,割合!A:B,2,FALSE)),1) -> 1298 | T6: =T5 -> 20968 | U6: =U5 -> 5298 | V6: =V5 -> 3870 | W6: 0 | X6: 4820 | Y6: =Y5 -> 0 | Z6: =Z5 -> 2190 | AA6: =AA5 -> 100 | AB6: =AB5 -> 1350 | AC6: 0 | AD6: 28670 | AE6: =28186+32400 -> 60586
A7: 2015 | B7: 9 | C7: =D7+E7 -> 164569 | D7: =F7-R7 -> 164569 | F7: =SUM(I7:P7) -> 233000 | G7: =SUM(I7:O7)-N7-M7 -> 233000 | H7: =SUM(I7:O7)-SUM(K7:K7)+Q7 -> 233000 | I7: =I6 -> 233000 | J7: 0 | K7: 0 | L7: 0 | M7: 0 | N7: 0 | O7: 0 | P7: 0 | Q7: 0 | R7: =SUM(S7:AE7) -> 68431 | S7: =FLOOR((G7)*IF(B7<=3,VLOOKUP(A7-1,割合!A:B,2,FALSE),VLOOKUP(A7,割合!A:B,2,FALSE)),1) -> 1165 | T7: =T6 -> 20968 | U7: =U6 -> 5298 | V7: =V6 -> 3870 | W7: 0 | X7: 4820 | Y7: =Y6 -> 0 | Z7: =Z6 -> 2190 | AA7: =AA6 -> 100 | AB7: =AB6 -> 1350 | AC7: 0 | AD7: =AD6 -> 28670 | AE7: 0
A8: 2015 | B8: 10 | C8: =D8+E8 -> 167827 | D8: =F8-R8 -> 167827 | F8: =SUM(I8:P8) -> 237555 | G8: =SUM(I8:O8)-N8-M8 -> 237555 | H8: =SUM(I8:O8)-SUM(K8:K8)+Q8 -> 237555 | I8: =I7 -> 233000 | J8: 4555 | K8: 0 | L8: 0 | M8: 0 | N8: 0 | O8: 0 | P8: 0 | Q8: 0 | R8: =SUM(S8:AE8) -> 69728 | S8: =FLOOR((G8)*IF(B8<=3,VLOOKUP(A8-1,割合!A:B,2,FALSE),VLOOKUP(A8,割合!A:B,2,FALSE)),1) -> 1187 | T8: 21393 | U8: =U7 -> 5298 | V8: =V7 -> 3870 | W8: 0 | X8: 4970 | Y8: =Y7 -> 0 | Z8: 2890 | AA8: =AA7 -> 100 | AB8: =AB7 -> 1350 | AC8: 0 | AD8: =AD7 -> 28670 | AE8: 0
A9: 2015 | B9: 11 | C9: =D9+E9 -> 170312 | D9: =F9-R9 -> 170312 | F9: =SUM(I9:P9) -> 240143 | G9: =SUM(I9:O9)-N9-M9 -> 240143 | H9: =SUM(I9:O9)-SUM(K9:K9)+Q9 -> 240143 | I9: =I8 -> 233000 | J9: 7143 | K9: 0 | L9: 0 | M9: 0 | N9: 0 | O9: 0 | P9: 0 | Q9: 0 | R9: =SUM(S9:AE9) -> 69831 | S9: =FLOOR((G9)*IF(B9<=3,VLOOKUP(A9-1,割合!A:B,2,FALSE),VLOOKUP(A9,割合!A:B,2,FALSE)),1) -> 1200 | T9: =T8 -> 21393 | U9: =U8 -> 5298 | V9: =V8 -> 3870 | W9: 0 | X9: 5060 | Y9: =Y8 -> 0 | Z9: =Z8 -> 2890 | AA9: =AA8 -> 100 | AB9: =AB8 -> 1350 | AC9: 0 | AD9: =AD8 -> 28670 | AE9: 0
A10: 2015 | B10: 12 | C10: =D10+E10 -> 707563 | D10: =F10-R10 -> 314752 | E10: =AF10-AJ10 -> 392811 | F10: =SUM(I10:P10) -> 384301 | G10: =SUM(I10:O10)-N10-M10 -> 384301 | H10: =SUM(I10:O10)-SUM(K10:K10)+Q10 -> 384301 | I10: =I9 -> 233000 | J10: 151301 | K10: 0 | L10: 0 | M10: 0 | N10: 0 | O10: 0 | P10: 0 | Q10: 0 | R10: =SUM(S10:AE10) -> 69549 | S10: =FLOOR((G10)*IF(B10<=3,VLOOKUP(A10-1,割合!A:B,2,FALSE),VLOOKUP(A10,割合!A:B,2,FALSE)),1) -> 1921 | T10: =T9 -> 21393 | U10: =U9 -> 5298 | V10: =V9 -> 3870 | W10: 0 | X10: 4057 | Y10: =Y9 -> 0 | Z10: =Z9 -> 2890 | AA10: =AA9 -> 100 | AB10: =AB9 -> 1350 | AC10: 0 | AD10: =AD9 -> 28670 | AE10: 0 | AF10: =SUM(AG10:AI10) -> 472000 | AG10: 250000 | AH10: 182000 | AI10: 40000 | AJ10: =SUM(AK10:AP10) -> 79189 | AK10: =FLOOR(AF10*VLOOKUP(A10,割合!A:B,2,FALSE),1) -> 2360 | AL10: 42074 | AM10: 10419 | AN10: 7611 | AO10: 0 | AP10: 16725 | AQ10: =SUM(H2:H10)+SUM(AF2:AF10)+251628 -> 3118358 | AT10: =SUM(C2:C10)+SUM(AC2:AE10) -> 2463123 | AW10: =AT10/AQ10 -> 0.7898782
A11: 2016 | B11: 1 | C11: =D11+E11 -> 227579 | D11: =F11-R11 -> 227579 | F11: =SUM(I11:P11) -> 300070 | G11: =SUM(I11:O11)-N11-M11 -> 300070 | H11: =SUM(I11:O11)-SUM(K11:K11)+Q11 -> 300070 | I11: =I10 -> 233000 | J11: 67070 | K11: 0 | L11: 0 | M11: 0 | N11: 0 | O11: 0 | P11: 0 | Q11: 0 | R11: =SUM(S11:AE11) -> 72491 | S11: =FLOOR((G11)*IF(B11<=3,VLOOKUP(A11-1,割合!A:B,2,FALSE),VLOOKUP(A11,割合!A:B,2,FALSE)),1) -> 1500 | T11: =T10 -> 21393 | U11: =U10 -> 5298 | V11: =V10 -> 3870 | W11: 0 | X11: 7190 | Y11: =Y10 -> 0 | Z11: =Z10 -> 2890 | AA11: =AA10 -> 100 | AB11: 1580 | AC11: 0 | AD11: =AD10 -> 28670 | AE11: 0
A12: 2016 | B12: 2 | C12: =D12+E12 -> 315240 | D12: =F12-R12 -> 315240 | F12: =SUM(I12:P12) -> 392061 | G12: =SUM(I12:O12)-N12-M12 -> 392061 | H12: =SUM(I12:O12)-SUM(K12:K12)+Q12 -> 365381 | I12: =I11 -> 233000 | J12: 132381 | K12: 26680 | L12: 0 | M12: 0 | N12: 0 | O12: 0 | P12: 0 | Q12: 0 | R12: =SUM(S12:AE12) -> 76821 | S12: =FLOOR((G12)*IF(B12<=3,VLOOKUP(A12-1,割合!A:B,2,FALSE),VLOOKUP(A12,割合!A:B,2,FALSE)),1) -> 1960 | T12: =T11 -> 21393 | U12: =U11 -> 5298 | V12: =V11 -> 3870 | W12: 0 | X12: 11060 | Y12: =Y11 -> 0 | Z12: =Z11 -> 2890 | AA12: =AA11 -> 100 | AB12: =AB11 -> 1580 | AC12: 0 | AD12: =AD11 -> 28670 | AE12: 0
A13: 2016 | B13: 3 | C13: =D13+E13 -> 306070 | D13: =F13-R13 -> 306070 | F13: =SUM(I13:P13) -> 384413 | G13: =SUM(I13:O13)-N13-M13 -> 384413 | H13: =SUM(I13:O13)-SUM(K13:K13)+Q13 -> 384413 | I13: =I12 -> 233000 | J13: 151413 | K13: 0 | L13: 0 | M13: 0 | N13: 0 | O13: 0 | P13: 0 | Q13: 0 | R13: =SUM(S13:AE13) -> 78343 | S13: =FLOOR((G13)*IF(B13<=3,VLOOKUP(A13-1,割合!A:B,2,FALSE),VLOOKUP(A13,割合!A:B,2,FALSE)),1) -> 1922 | T13: =T12 -> 21393 | U13: =U12 -> 5298 | V13: =V12 -> 3870 | W13: 0 | X13: 12620 | Y13: =Y12 -> 0 | Z13: =Z12 -> 2890 | AA13: =AA12 -> 100 | AB13: =AB12 -> 1580 | AC13: 0 | AD13: =AD12 -> 28670 | AE13: 0
A14: 2016 | B14: 4 | C14: =D14+E14 -> 255592 | D14: =F14-R14 -> 255592 | F14: =SUM(I14:P14) -> 329039 | G14: =SUM(I14:O14)-N14-M14 -> 329039 | H14: =SUM(I14:O14)-SUM(K14:K14)+Q14 -> 329039 | I14: 240000 | J14: 89039 | K14: 0 | L14: 0 | M14: 0 | N14: 0 | O14: 0 | P14: 0 | Q14: 0 | R14: =SUM(S14:AE14) -> 73447 | S14: =FLOOR((G14)*IF(B14<=3,VLOOKUP(A14-1,割合!A:B,2,FALSE),VLOOKUP(A14,割合!A:B,2,FALSE)),1) -> 1316 | T14: =T13 -> 21393 | U14: =U13 -> 5298 | V14: =V13 -> 3870 | W14: 0 | X14: 8240 | Y14: =Y13 -> 0 | Z14: 2980 | AA14: =AA13 -> 100 | AB14: =AB13 -> 1580 | AC14: 0 | AD14: =AD13 -> 28670 | AE14: 0
A15: 2016 | B15: 5 | C15: =D15+E15 -> 245985 | D15: =F15-R15 -> 245985 | F15: =SUM(I15:P15) -> 319032 | G15: =SUM(I15:O15)-N15-M15 -> 319032 | H15: =SUM(I15:O15)-SUM(K15:K15)+Q15 -> 319032 | I15: =I14 -> 240000 | J15: 79032 | K15: 0 | L15: 0 | M15: 0 | N15: 0 | O15: 0 | P15: 0 | Q15: 0 | R15: =SUM(S15:AE15) -> 73047 | S15: =FLOOR((G15)*IF(B15<=3,VLOOKUP(A15-1,割合!A:B,2,FALSE),VLOOKUP(A15,割合!A:B,2,FALSE)),1) -> 1276 | T15: =T14 -> 21393 | U15: 5286 | V15: 3882 | W15: 0 | X15: 7880 | Y15: =Y14 -> 0 | Z15: =Z14 -> 2980 | AA15: =AA14 -> 100 | AB15: =AB14 -> 1580 | AC15: 0 | AD15: =AD14 -> 28670 | AE15: 0
A16: 2016 | B16: 6 | C16: =D16+E16 -> 633238 | D16: =F16-R16 -> 230406 | E16: =AF16-AJ16 -> 402832 | F16: =SUM(I16:P16) -> 315408 | G16: =SUM(I16:O16)-N16-M16 -> 315408 | H16: =SUM(I16:O16)-SUM(K16:K16)+Q16 -> 315408 | I16: =I15 -> 240000 | J16: 75408 | K16: 0 | L16: 0 | M16: 0 | N16: 0 | O16: 0 | P16: 0 | Q16: 0 | R16: =SUM(S16:AE16) -> 85002 | S16: =FLOOR((G16)*IF(B16<=3,VLOOKUP(A16-1,割合!A:B,2,FALSE),VLOOKUP(A16,割合!A:B,2,FALSE)),1) -> 1261 | T16: =T15 -> 21393 | U16: =U15 -> 5286 | V16: =V15 -> 3882 | W16: 0 | X16: 7750 | Y16: 12100 | Z16: =Z15 -> 2980 | AA16: =AA15 -> 100 | AB16: =AB15 -> 1580 | AC16: 0 | AD16: =AD15 -> 28670 | AE16: 0 | AF16: =SUM(AG16:AI16) -> 494000 | AG16: 250000 | AH16: 244000 | AI16: 0 | AJ16: =SUM(AK16:AP16) -> 91168 | AK16: =FLOOR(AF16*VLOOKUP(A16,割合!A:B,2,FALSE),1) -> 1976 | AL16: 44035 | AM16: 10879 | AN16: 7991 | AO16: 0 | AP16: 26287
A17: 2016 | B17: 7 | C17: =D17+E17 -> 230209 | D17: =F17-R17 -> 230209 | F17: =SUM(I17:P17) -> 314367 | G17: =SUM(I17:O17)-N17-M17 -> 314367 | H17: =SUM(I17:O17)-SUM(K17:K17)+Q17 -> 314367 | I17: =I16 -> 240000 | J17: 74367 | K17: 0 | L17: 0 | M17: 0 | N17: 0 | O17: 0 | P17: 0 | Q17: 0 | R17: =SUM(S17:AE17) -> 84158 | S17: =FLOOR((G17)*IF(B17<=3,VLOOKUP(A17-1,割合!A:B,2,FALSE),VLOOKUP(A17,割合!A:B,2,FALSE)),1) -> 1257 | T17: =T16 -> 21393 | U17: =U16 -> 5286 | V17: =V16 -> 3882 | W17: 0 | X17: 7710 | Y17: 11300 | Z17: =Z16 -> 2980 | AA17: =AA16 -> 100 | AB17: =AB16 -> 1580 | AC17: 0 | AD17: =AD16 -> 28670 | AE17: 0
A18: 2016 | B18: 8 | C18: =D18+E18 -> 253900 | D18: =F18-R18 -> 253900 | F18: =SUM(I18:P18) -> 348391 | G18: =SUM(I18:O18)-N18-M18 -> 348391 | H18: =SUM(I18:O18)-SUM(K18:K18)+Q18 -> 321711 | I18: =I17 -> 240000 | J18: 81711 | K18: 26680 | L18: 0 | M18: 0 | N18: 0 | O18: 0 | P18: 0 | Q18: 0 | R18: =SUM(S18:AE18) -> 94491 | S18: =FLOOR((G18)*IF(B18<=3,VLOOKUP(A18-1,割合!A:B,2,FALSE),VLOOKUP(A18,割合!A:B,2,FALSE)),1) -> 1393 | T18: 28524 | U18: 7048 | V18: 5176 | W18: 0 | X18: 7720 | Y18: =Y17 -> 11300 | Z18: =Z17 -> 2980 | AA18: =AA17 -> 100 | AB18: =AB17 -> 1580 | AC18: 0 | AD18: =AD17 -> 28670 | AE18: 0
A19: 2016 | B19: 9 | C19: =D19+E19 -> 272969 | D19: =F19-R19 -> 272969 | F19: =SUM(I19:P19) -> 370519 | G19: =SUM(I19:O19)-N19-M19 -> 370519 | H19: =SUM(I19:O19)-SUM(K19:K19)+Q19 -> 370519 | I19: =I18 -> 240000 | J19: 130519 | K19: 0 | L19: 0 | M19: 0 | N19: 0 | O19: 0 | P19: 0 | Q19: 0 | R19: =SUM(S19:AE19) -> 97550 | S19: =FLOOR((G19)*IF(B19<=3,VLOOKUP(A19-1,割合!A:B,2,FALSE),VLOOKUP(A19,割合!A:B,2,FALSE)),1) -> 1482 | T19: =T18 -> 28524 | U19: =U18 -> 7048 | V19: =V18 -> 5176 | W19: 0 | X19: 10690 | Y19: =Y18 -> 11300 | Z19: =Z18 -> 2980 | AA19: =AA18 -> 100 | AB19: =AB18 -> 1580 | AC19: 0 | AD19: =AD18 -> 28670 | AE19: 0
A20: 2016 | B20: 10 | C20: =D20+E20 -> 461559 | D20: =F20-R20 -> 461559 | F20: =SUM(I20:P20) -> 559411 | G20: =SUM(I20:O20)-N20-M20 -> 559411 | H20: =SUM(I20:O20)-SUM(K20:K20)+Q20 -> 359281 | I20: =I19 -> 240000 | J20: 119281 | K20: 200130 | L20: 0 | M20: 0 | N20: 0 | O20: 0 | P20: 0 | Q20: 0 | R20: =SUM(S20:AE20) -> 97852 | S20: =FLOOR((G20)*IF(B20<=3,VLOOKUP(A20-1,割合!A:B,2,FALSE),VLOOKUP(A20,割合!A:B,2,FALSE)),1) -> 2237 | T20: 29091 | U20: =U19 -> 7048 | V20: =V19 -> 5176 | W20: 0 | X20: 9670 | Y20: =Y19 -> 11300 | Z20: =Z19 -> 2980 | AA20: =AA19 -> 100 | AB20: =AB19 -> 1580 | AC20: 0 | AD20: =AD19 -> 28670 | AE20: 0
A21: 2016 | B21: 11 | C21: =D21+E21 -> 329183 | D21: =F21-R21 -> 329183 | F21: =SUM(I21:P21) -> 432508 | G21: =SUM(I21:O21)-N21-M21 -> 422508 | H21: =SUM(I21:O21)-SUM(K21:K21)+Q21 -> 432508 | I21: =I20 -> 240000 | J21: 182508 | K21: 0 | L21: 0 | M21: 0 | N21: 10000 | O21: 0 | P21: 0 | Q21: 0 | R21: =SUM(S21:AE21) -> 103325 | S21: =FLOOR((G21)*IF(B21<=3,VLOOKUP(A21-1,割合!A:B,2,FALSE),VLOOKUP(A21,割合!A:B,2,FALSE)),1) -> 1690 | T21: =T20 -> 29091 | U21: =U20 -> 7048 | V21: =V20 -> 5176 | W21: 0 | X21: 15690 | Y21: =Y20 -> 11300 | Z21: =Z20 -> 2980 | AA21: =AA20 -> 100 | AB21: =AB20 -> 1580 | AC21: 0 | AD21: =AD20 -> 28670 | AE21: 0
A22: 2016 | B22: 12 | C22: =D22+E22 -> 620292 | D22: =F22-R22 -> 250601 | E22: =AF22-AJ22 -> 369691 | F22: =SUM(I22:P22) -> 317490 | G22: =SUM(I22:O22)-N22-M22 -> 317490 | H22: =SUM(I22:O22)-SUM(K22:K22)+Q22 -> 317490 | I22: =I21 -> 240000 | J22: 77490 | K22: 0 | L22: 0 | M22: 0 | N22: 0 | O22: 0 | P22: 0 | Q22: 0 | R22: =SUM(S22:AE22) -> 66889 | S22: =FLOOR((G22)*IF(B22<=3,VLOOKUP(A22-1,割合!A:B,2,FALSE),VLOOKUP(A22,割合!A:B,2,FALSE)),1) -> 1269 | T22: =T21 -> 29091 | U22: =U21 -> 7048 | V22: =V21 -> 5176 | W22: 0 | X22: -20325 | Y22: =Y21 -> 11300 | Z22: =Z21 -> 2980 | AA22: =AA21 -> 100 | AB22: =AB21 -> 1580 | AC22: 0 | AD22: =AD21 -> 28670 | AE22: 0 | AF22: =SUM(AG22:AI22) -> 486000 | AG22: 250000 | AH22: 236000 | AI22: 0 | AJ22: =SUM(AK22:AP22) -> 116309 | AK22: =FLOOR(AF22*VLOOKUP(A22,割合!A:B,2,FALSE),1) -> 1944 | AL22: 44182 | AM22: 10703 | AN22: 7862 | AO22: 0 | AP22: 51618 | AQ22: =SUM(H11:H22)+SUM(AF11:AF22) -> 5109219 | AR22: =AQ22-AQ10 -> 1990861 | AS22: =AR22/12 -> 165905.08 | AT22: =SUM(C11:C22)+SUM(AC11:AE22) -> 4495856 | AU22: =AT22-AT10 -> 2032733 | AV22: =AU22/12 -> 169394.42 | AW22: =AT22/AQ22 -> 0.87994975
A23: =A11+1 -> 2017 | B23: =B11 -> 1 | C23: =D23+E23 -> 212426 | D23: =F23-R23 -> 212426 | F23: =SUM(I23:P23) -> 306657 | G23: =SUM(I23:O23)-N23-M23 -> 306657 | H23: =SUM(I23:O23)-SUM(K23:K23)+Q23 -> 306657 | I23: =I22 -> 240000 | J23: 66657 | K23: 0 | L23: 0 | M23: 0 | N23: 0 | O23: 0 | P23: 0 | Q23: 0 | R23: =SUM(S23:AE23) -> 94231 | S23: =FLOOR((G23)*IF(B23<=3,VLOOKUP(A23-1,割合!A:B,2,FALSE),VLOOKUP(A23,割合!A:B,2,FALSE)),1) -> 1226 | T23: =T22 -> 29091 | U23: =U22 -> 7048 | V23: =V22 -> 5176 | W23: 0 | X23: 7060 | Y23: =Y22 -> 11300 | Z23: =Z22 -> 2980 | AA23: =AA22 -> 100 | AB23: =AB22 -> 1580 | AC23: 0 | AD23: =AD22 -> 28670 | AE23: 0
A24: =A12+1 -> 2017 | B24: =B12 -> 2 | C24: =D24+E24 -> 232661 | D24: =F24-R24 -> 232661 | F24: =SUM(I24:P24) -> 327726 | G24: =SUM(I24:O24)-N24-M24 -> 327726 | H24: =SUM(I24:O24)-SUM(K24:K24)+Q24 -> 327726 | I24: =I23 -> 240000 | J24: 87726 | K24: 0 | L24: 0 | M24: 0 | N24: 0 | O24: 0 | P24: 0 | Q24: 0 | R24: =SUM(S24:AE24) -> 95065 | S24: =FLOOR((G24)*IF(B24<=3,VLOOKUP(A24-1,割合!A:B,2,FALSE),VLOOKUP(A24,割合!A:B,2,FALSE)),1) -> 1310 | T24: =T23 -> 29091 | U24: =U23 -> 7048 | V24: =V23 -> 5176 | W24: 0 | X24: 7810 | Y24: =Y23 -> 11300 | Z24: =Z23 -> 2980 | AA24: =AA23 -> 100 | AB24: =AB23 -> 1580 | AC24: 0 | AD24: =AD23 -> 28670 | AE24: 0
A25: =A13+1 -> 2017 | B25: =B13 -> 3 | C25: =D25+E25 -> 226392 | D25: =F25-R25 -> 226392 | F25: =SUM(I25:P25) -> 321191 | G25: =SUM(I25:O25)-N25-M25 -> 321191 | H25: =SUM(I25:O25)-SUM(K25:K25)+Q25 -> 321191 | I25: =I24 -> 240000 | J25: 81191 | K25: 0 | L25: 0 | M25: 0 | N25: 0 | O25: 0 | P25: 0 | Q25: 0 | R25: =SUM(S25:AE25) -> 94799 | S25: =FLOOR((G25)*IF(B25<=3,VLOOKUP(A25-1,割合!A:B,2,FALSE),VLOOKUP(A25,割合!A:B,2,FALSE)),1) -> 1284 | T25: =T24 -> 29091 | U25: =U24 -> 7048 | V25: =V24 -> 5176 | W25: 0 | X25: 7570 | Y25: =Y24 -> 11300 | Z25: =Z24 -> 2980 | AA25: =AA24 -> 100 | AB25: =AB24 -> 1580 | AC25: 0 | AD25: =AD24 -> 28670 | AE25: 0
A26: =A14+1 -> 2017 | B26: =B14 -> 4 | C26: =D26+E26 -> 469725 | D26: =F26-R26 -> 469725 | F26: =SUM(I26:P26) -> 566399 | G26: =SUM(I26:O26)-N26-M26 -> 566399 | H26: =SUM(I26:O26)-SUM(K26:K26)+Q26 -> 349989 | I26: 246900 | J26: 103089 | K26: 216410 | L26: 0 | M26: 0 | N26: 0 | O26: 0 | P26: 0 | Q26: 0 | R26: =SUM(S26:AE26) -> 96674 | S26: =FLOOR((G26)*IF(B26<=3,VLOOKUP(A26-1,割合!A:B,2,FALSE),VLOOKUP(A26,割合!A:B,2,FALSE)),1) -> 1699 | T26: =T25 -> 29091 | U26: 7264 | V26: 4960 | W26: 0 | X26: 8950 | Y26: =Y25 -> 11300 | Z26: 3060 | AA26: =AA25 -> 100 | AB26: =AB25 -> 1580 | AC26: 0 | AD26: =AD25 -> 28670 | AE26: 0
A27: =A15+1 -> 2017 | B27: =B15 -> 5 | C27: =D27+E27 -> 273598 | D27: =F27-R27 -> 273598 | F27: =SUM(I27:P27) -> 371413 | G27: =SUM(I27:O27)-N27-M27 -> 363413 | H27: =SUM(I27:O27)-SUM(K27:K27)+Q27 -> 371413 | I27: =I26 -> 246900 | J27: 116513 | K27: 0 | L27: 0 | M27: 0 | N27: 8000 | O27: 0 | P27: 0 | Q27: 0 | R27: =SUM(S27:AE27) -> 97815 | S27: =FLOOR((G27)*IF(B27<=3,VLOOKUP(A27-1,割合!A:B,2,FALSE),VLOOKUP(A27,割合!A:B,2,FALSE)),1) -> 1090 | T27: =T26 -> 29091 | U27: =U26 -> 7264 | V27: =V26 -> 4960 | W27: 0 | X27: 10750 | Y27: =Y26 -> 11300 | Z27: =Z26 -> 3060 | AA27: 50 | AB27: =AB26 -> 1580 | AC27: 0 | AD27: =AD26 -> 28670 | AE27: 0
A28: =A16+1 -> 2017 | B28: =B16 -> 6 | C28: =D28+E28 -> 565961 | D28: =F28-R28 -> 175429 | E28: =AF28-AJ28 -> 390532 | F28: =SUM(I28:P28) -> 279853 | G28: =SUM(I28:O28)-N28-M28 -> 279853 | H28: =SUM(I28:O28)-SUM(K28:K28)+Q28 -> 279853 | I28: =I27 -> 246900 | J28: 32953 | K28: 0 | L28: 0 | M28: 0 | N28: 0 | O28: 0 | P28: 0 | Q28: 0 | R28: =SUM(S28:AE28) -> 104424 | S28: =FLOOR((G28)*IF(B28<=3,VLOOKUP(A28-1,割合!A:B,2,FALSE),VLOOKUP(A28,割合!A:B,2,FALSE)),1) -> 839 | T28: =T27 -> 29091 | U28: =U27 -> 7264 | V28: =V27 -> 4960 | W28: 0 | X28: 6110 | Y28: 22800 | Z28: =Z27 -> 3060 | AA28: =AA27 -> 50 | AB28: =AB27 -> 1580 | AC28: 0 | AD28: =AD27 -> 28670 | AE28: 0 | AF28: =SUM(AG28:AI28) -> 490000 | AG28: 250000 | AH28: 240000 | AJ28: =SUM(AK28:AP28) -> 99468 | AK28: =FLOOR(AF28*VLOOKUP(A28,割合!A:B,2,FALSE),1) -> 1470 | AL28: 44545 | AM28: 11122 | AN28: 7596 | AO28: 0 | AP28: 34735
A29: =A17+1 -> 2017 | B29: =B17 -> 7 | C29: =D29+E29 -> 177434 | D29: =F29-R29 -> 177434 | F29: =SUM(I29:P29) -> 281212 | G29: =SUM(I29:O29)-N29-M29 -> 281212 | H29: =SUM(I29:O29)-SUM(K29:K29)+Q29 -> 281212 | I29: =I28 -> 246900 | J29: 34312 | K29: 0 | L29: 0 | M29: 0 | N29: 0 | O29: 0 | P29: 0 | Q29: 0 | R29: =SUM(S29:AE29) -> 103778 | S29: =FLOOR((G29)*IF(B29<=3,VLOOKUP(A29-1,割合!A:B,2,FALSE),VLOOKUP(A29,割合!A:B,2,FALSE)),1) -> 843 | T29: =T28 -> 29091 | U29: =U28 -> 7264 | V29: =V28 -> 4960 | W29: 0 | X29: 6160 | Y29: 22100 | Z29: =Z28 -> 3060 | AA29: =AA28 -> 50 | AB29: =AB28 -> 1580 | AC29: 0 | AD29: =AD28 -> 28670 | AE29: 0
A30: =A18+1 -> 2017 | B30: =B18 -> 8 | C30: =D30+E30 -> 155457 | D30: =F30-R30 -> 155457 | F30: =SUM(I30:P30) -> 263536 | G30: =SUM(I30:O30)-N30-M30 -> 263536 | H30: =SUM(I30:O30)-SUM(K30:K30)+Q30 -> 263536 | I30: =I29 -> 246900 | J30: 16636 | K30: 0 | L30: 0 | M30: 0 | N30: 0 | O30: 0 | P30: 0 | Q30: 0 | R30: =SUM(S30:AE30) -> 108079 | S30: =FLOOR((G30)*IF(B30<=3,VLOOKUP(A30-1,割合!A:B,2,FALSE),VLOOKUP(A30,割合!A:B,2,FALSE)),1) -> 790 | T30: 32727 | U30: 8171 | V30: 5581 | W30: 0 | X30: 5350 | Y30: =Y29 -> 22100 | Z30: =Z29 -> 3060 | AA30: =AA29 -> 50 | AB30: =AB29 -> 1580 | AC30: 0 | AD30: =AD29 -> 28670 | AE30: 0
A31: =A19+1 -> 2017 | B31: =B19 -> 9 | C31: =D31+E31 -> 163675 | D31: =F31-R31 -> 163675 | F31: =SUM(I31:P31) -> 272095 | G31: =SUM(I31:O31)-N31-M31 -> 277053 | H31: =SUM(I31:O31)-SUM(K31:K31)+Q31 -> 272095 | I31: =I30 -> 246900 | J31: 30153 | K31: 0 | L31: 0 | M31: 0 | N31: -4958 | O31: 0 | P31: 0 | Q31: 0 | R31: =SUM(S31:AE31) -> 108420 | S31: =FLOOR((G31)*IF(B31<=3,VLOOKUP(A31-1,割合!A:B,2,FALSE),VLOOKUP(A31,割合!A:B,2,FALSE)),1) -> 831 | T31: =T30 -> 32727 | U31: =U30 -> 8171 | V31: =V30 -> 5581 | W31: 0 | X31: 5650 | Y31: =Y30 -> 22100 | Z31: =Z30 -> 3060 | AA31: =AA30 -> 50 | AB31: =AB30 -> 1580 | AC31: 0 | AD31: =AD30 -> 28670 | AE31: 0
A32: =A20+1 -> 2017 | B32: =B20 -> 10 | C32: =D32+E32 -> 399184 | D32: =F32-R32 -> 399184 | F32: =SUM(I32:P32) -> 509223 | G32: =SUM(I32:O32)-N32-M32 -> 509223 | H32: =SUM(I32:O32)-SUM(K32:K32)+Q32 -> 292813 | I32: =I31 -> 246900 | J32: 45913 | K32: 216410 | L32: 0 | M32: 0 | N32: 0 | O32: 0 | P32: 0 | Q32: 0 | R32: =SUM(S32:AE32) -> 110039 | S32: =FLOOR((G32)*IF(B32<=3,VLOOKUP(A32-1,割合!A:B,2,FALSE),VLOOKUP(A32,割合!A:B,2,FALSE)),1) -> 1527 | T32: 32940 | U32: =U31 -> 8171 | V32: =V31 -> 5581 | W32: 0 | X32: 6360 | Y32: =Y31 -> 22100 | Z32: =Z31 -> 3060 | AA32: =AA31 -> 50 | AB32: =AB31 -> 1580 | AC32: 0 | AD32: =AD31 -> 28670 | AE32: 0
A33: =A21+1 -> 2017 | B33: =B21 -> 11 | C33: =D33+E33 -> 37426 | D33: =F33-R33 -> 37426 | F33: =SUM(I33:P33) -> 147343 | G33: =SUM(I33:O33)-N33-M33 -> 147343 | H33: =SUM(I33:O33)-SUM(K33:K33)+Q33 -> 278093 | I33: =I32 -> 246900 | J33: 31193 | K33: -130750 | L33: 0 | M33: 0 | N33: 0 | O33: 0 | P33: 0 | Q33: 0 | R33: =SUM(S33:AE33) -> 109917 | S33: =FLOOR((G33)*IF(B33<=3,VLOOKUP(A33-1,割合!A:B,2,FALSE),VLOOKUP(A33,割合!A:B,2,FALSE)),1) -> 442 | T33: =T32 -> 32940 | U33: =U32 -> 8171 | V33: =V32 -> 5581 | W33: 0 | X33: 6660 | Y33: =Y32 -> 22100 | Z33: =Z32 -> 3060 | AA33: =AA32 -> 50 | AB33: =AB32 -> 1580 | AC33: 663 | AD33: =AD32 -> 28670 | AE33: 0
A34: =A22+1 -> 2017 | B34: =B22 -> 12 | C34: =D34+E34 -> 588350 | D34: =F34-R34 -> 167423 | E34: =AF34-AJ34 -> 420927 | F34: =SUM(I34:P34) -> 299410 | G34: =SUM(I34:O34)-N34-M34 -> 299410 | H34: =SUM(I34:O34)-SUM(K34:K34)+Q34 -> 299410 | I34: =I33 -> 246900 | J34: 52510 | K34: 0 | L34: 0 | M34: 0 | N34: 0 | O34: 0 | P34: 0 | Q34: 0 | R34: =SUM(S34:AE34) -> 131987 | S34: =FLOOR((G34)*IF(B34<=3,VLOOKUP(A34-1,割合!A:B,2,FALSE),VLOOKUP(A34,割合!A:B,2,FALSE)),1) -> 898 | T34: =T33 -> 32940 | U34: =U33 -> 8171 | V34: =V33 -> 5581 | W34: 0 | X34: -27633 | Y34: =Y33 -> 22100 | Z34: =Z33 -> 3060 | AA34: =AA33 -> 50 | AB34: =AB33 -> 1580 | AC34: 0 | AD34: 45370 | AE34: 39870 | AF34: =SUM(AG34:AI34) -> 517000 | AG34: 280000 | AH34: 237000 | AJ34: =SUM(AK34:AP34) -> 96073 | AK34: =FLOOR(AF34*VLOOKUP(A34,割合!A:B,2,FALSE),1) -> 1551 | AL34: 47305 | AM34: 11734 | AN34: 8015 | AO34: 0 | AP34: 27468 | AQ34: =SUM(H23:H34)+SUM(AF23:AF34) -> 4650988 | AR34: =AQ34-AQ22 -> -458231 | AS34: =AR34/12 -> -38185.917 | AT34: =SUM(C23:C34)+SUM(AC23:AE34) -> 3903562 | AU34: =AT34-AT22 -> -592294 | AV34: =AU34/12 -> -49357.833 | AW34: =AT34/AQ34 -> 0.83929737
A35: =A23+1 -> 2018 | B35: =B23 -> 1 | C35: =D35+E35 -> 178822 | D35: =F35-R35 -> 178822 | F35: =SUM(I35:P35) -> 305530 | G35: =SUM(I35:O35)-N35-M35 -> 305530 | H35: =SUM(I35:O35)-SUM(K35:K35)+Q35 -> 305530 | I35: =I34 -> 246900 | J35: 58630 | K35: 0 | L35: 0 | M35: 0 | N35: 0 | O35: 0 | P35: 0 | Q35: 0 | R35: =SUM(S35:AE35) -> 126708 | S35: =FLOOR((G35)*IF(B35<=3,VLOOKUP(A35-1,割合!A:B,2,FALSE),VLOOKUP(A35,割合!A:B,2,FALSE)),1) -> 916 | T35: =T34 -> 32940 | U35: =U34 -> 8171 | V35: =V34 -> 5581 | W35: 0 | X35: 6830 | Y35: =Y34 -> 22100 | Z35: =Z34 -> 3060 | AA35: =AA34 -> 50 | AB35: 1690 | AC35: 0 | AD35: =AD34 -> 45370 | AE35: 0
A36: =A24+1 -> 2018 | B36: =B24 -> 2 | C36: =D36+E36 -> 195377 | D36: =F36-R36 -> 195377 | F36: =SUM(I36:P36) -> 325515 | G36: =SUM(I36:O36)-N36-M36 -> 325515 | H36: =SUM(I36:O36)-SUM(K36:K36)+Q36 -> 325515 | I36: =I35 -> 246900 | J36: 78615 | K36: 0 | L36: 0 | M36: 0 | N36: 0 | O36: 0 | P36: 0 | Q36: 0 | R36: =SUM(S36:AE36) -> 130138 | S36: =FLOOR((G36)*IF(B36<=3,VLOOKUP(A36-1,割合!A:B,2,FALSE),VLOOKUP(A36,割合!A:B,2,FALSE)),1) -> 976 | T36: =T35 -> 32940 | U36: =U35 -> 8171 | V36: =V35 -> 5581 | W36: 0 | X36: 7550 | Y36: =Y35 -> 22100 | Z36: =Z35 -> 3060 | AA36: =AA35 -> 50 | AB36: =AB35 -> 1690 | AC36: 2650 | AD36: =AD35 -> 45370 | AE36: 0
A37: =A25+1 -> 2018 | B37: =B25 -> 3 | C37: =D37+E37 -> 193056 | D37: =F37-R37 -> 193056 | F37: =SUM(I37:P37) -> 327363 | G37: =SUM(I37:O37)-N37-M37 -> 327363 | H37: =SUM(I37:O37)-SUM(K37:K37)+Q37 -> 327363 | I37: =I36 -> 246900 | J37: 80463 | K37: 0 | L37: 0 | M37: 0 | N37: 0 | O37: 0 | P37: 0 | Q37: 0 | R37: =SUM(S37:AE37) -> 134307 | S37: =FLOOR((G37)*IF(B37<=3,VLOOKUP(A37-1,割合!A:B,2,FALSE),VLOOKUP(A37,割合!A:B,2,FALSE)),1) -> 982 | T37: =T36 -> 32940 | U37: =U36 -> 8171 | V37: =V36 -> 5581 | W37: 0 | X37: 7610 | Y37: =Y36 -> 22100 | Z37: =Z36 -> 3060 | AA37: =AA36 -> 50 | AB37: =AB36 -> 1690 | AC37: 6753 | AD37: =AD36 -> 45370 | AE37: 0
A38: =A26+1 -> 2018 | B38: =B26 -> 4 | C38: =D38+E38 -> 191807 | D38: =F38-R38 -> 191807 | F38: =SUM(I38:P38) -> 328632 | G38: =SUM(I38:O38)-N38-M38 -> 328632 | H38: =SUM(I38:O38)-SUM(K38:K38)+Q38 -> 328632 | I38: 252130 | J38: 76502 | K38: 0 | L38: 0 | M38: 0 | N38: 0 | O38: 0 | P38: 0 | Q38: 0 | R38: =SUM(S38:AE38) -> 136825 | S38: =FLOOR((G38)*IF(B38<=3,VLOOKUP(A38-1,割合!A:B,2,FALSE),VLOOKUP(A38,割合!A:B,2,FALSE)),1) -> 985 | T38: =T37 -> 32940 | U38: 8208 | V38: 5544 | W38: 0 | X38: 7660 | Y38: =Y37 -> 22100 | Z38: 3120 | AA38: =AA37 -> 50 | AB38: =AB37 -> 1690 | AC38: 9158 | AD38: =AD37 -> 45370 | AE38: 0
A39: =A27+1 -> 2018 | B39: =B27 -> 5 | C39: =D39+E39 -> 242455 | D39: =F39-R39 -> 242455 | F39: =SUM(I39:P39) -> 379732 | G39: =SUM(I39:O39)-N39-M39 -> 379732 | H39: =SUM(I39:O39)-SUM(K39:K39)+Q39 -> 294072 | I39: =I38 -> 252130 | J39: 41942 | K39: 85660 | L39: 0 | M39: 0 | N39: 0 | O39: 0 | P39: 0 | Q39: 0 | R39: =SUM(S39:AE39) -> 137277 | S39: =FLOOR((G39)*IF(B39<=3,VLOOKUP(A39-1,割合!A:B,2,FALSE),VLOOKUP(A39,割合!A:B,2,FALSE)),1) -> 1139 | T39: =T38 -> 32940 | U39: =U38 -> 8208 | V39: =V38 -> 5544 | W39: 0 | X39: 6420 | Y39: =Y38 -> 22100 | Z39: =Z38 -> 3120 | AA39: =AA38 -> 50 | AB39: =AB38 -> 1690 | AC39: 10696 | AD39: =AD38 -> 45370 | AE39: 0
A40: =A28+1 -> 2018 | B40: =B28 -> 6 | C40: =D40+E40 -> 678450 | D40: =F40-R40 -> 165179 | E40: =AF40-AJ40 -> 513271 | F40: =SUM(I40:P40) -> 296072 | G40: =SUM(I40:O40)-N40-M40 -> 296072 | H40: =SUM(I40:O40)-SUM(K40:K40)+Q40 -> 296072 | I40: =I39 -> 252130 | J40: 43942 | K40: 0 | L40: 0 | M40: 0 | N40: 0 | O40: 0 | P40: 0 | Q40: 0 | R40: =SUM(S40:AE40) -> 130893 | S40: =FLOOR((G40)*IF(B40<=3,VLOOKUP(A40-1,割合!A:B,2,FALSE),VLOOKUP(A40,割合!A:B,2,FALSE)),1) -> 888 | T40: =T39 -> 32940 | U40: =U39 -> 8208 | V40: =V39 -> 5544 | W40: 0 | X40: 6500 | Y40: 18200 | Z40: =Z39 -> 3120 | AA40: =AA39 -> 50 | AB40: =AB39 -> 1690 | AC40: 8383 | AD40: =AD39 -> 45370 | AE40: 0 | AF40: =SUM(AG40:AI40) -> 617000 | AG40: 280000 | AH40: 272000 | AI40: 65000 | AJ40: =SUM(AK40:AP40) -> 103729 | AK40: =FLOOR(AF40*VLOOKUP(A40,割合!A:B,2,FALSE),1) -> 1851 | AL40: 56455 | AM40: 14068 | AN40: 9501 | AO40: 0 | AP40: 21854
A41: =A29+1 -> 2018 | B41: =B29 -> 7 | C41: =D41+E41 -> 213817 | D41: =F41-R41 -> 213817 | F41: =SUM(I41:P41) -> 344669 | G41: =SUM(I41:O41)-N41-M41 -> 344669 | H41: =SUM(I41:O41)-SUM(K41:K41)+Q41 -> 344669 | I41: =I40 -> 252130 | J41: 92539 | K41: 0 | L41: 0 | M41: 0 | N41: 0 | O41: 0 | P41: 0 | Q41: 0 | R41: =SUM(S41:AE41) -> 130852 | S41: =FLOOR((G41)*IF(B41<=3,VLOOKUP(A41-1,割合!A:B,2,FALSE),VLOOKUP(A41,割合!A:B,2,FALSE)),1) -> 1034 | T41: =T40 -> 32940 | U41: =U40 -> 8208 | V41: =V40 -> 5544 | W41: 0 | X41: 8230 | Y41: 18200 | Z41: =Z40 -> 3120 | AA41: =AA40 -> 50 | AB41: =AB40 -> 1690 | AC41: 6466 | AD41: =AD40 -> 45370 | AE41: 0
A42: =A30+1 -> 2018 | B42: =B30 -> 8 | C42: =D42+E42 -> 146038 | D42: =F42-R42 -> 146038 | F42: =SUM(I42:P42) -> 276021 | G42: =SUM(I42:O42)-N42-M42 -> 276021 | H42: =SUM(I42:O42)-SUM(K42:K42)+Q42 -> 276021 | I42: =I41 -> 252130 | J42: 23891 | K42: 0 | L42: 0 | M42: 0 | N42: 0 | O42: 0 | P42: 0 | Q42: 0 | R42: =SUM(S42:AE42) -> 129983 | S42: =FLOOR((G42)*IF(B42<=3,VLOOKUP(A42-1,割合!A:B,2,FALSE),VLOOKUP(A42,割合!A:B,2,FALSE)),1) -> 828 | T42: =T41 -> 32940 | U42: =U41 -> 8208 | V42: =V41 -> 5544 | W42: 0 | X42: 5780 | Y42: =Y41 -> 18200 | Z42: =Z41 -> 3120 | AA42: =AA41 -> 50 | AB42: =AB41 -> 1690 | AC42: 8253 | AD42: =AD41 -> 45370 | AE42: 0
A43: =A31+1 -> 2018 | B43: =B31 -> 9 | C43: =D43+E43 -> 144852 | D43: =F43-R43 -> 144852 | F43: =SUM(I43:P43) -> 273366 | G43: =SUM(I43:O43)-N43-M43 -> 273366 | H43: =SUM(I43:O43)-SUM(K43:K43)+Q43 -> 273366 | I43: =I42 -> 252130 | J43: 21236 | K43: 0 | L43: 0 | M43: 0 | N43: 0 | O43: 0 | P43: 0 | Q43: 0 | R43: =SUM(S43:AE43) -> 128514 | S43: =FLOOR((G43)*IF(B43<=3,VLOOKUP(A43-1,割合!A:B,2,FALSE),VLOOKUP(A43,割合!A:B,2,FALSE)),1) -> 820 | T43: =T42 -> 32940 | U43: =U42 -> 8208 | V43: =V42 -> 5544 | W43: 0 | X43: 5690 | Y43: =Y42 -> 18200 | Z43: =Z42 -> 3120 | AA43: =AA42 -> 50 | AB43: =AB42 -> 1690 | AC43: 6882 | AD43: =AD42 -> 45370 | AE43: 0
A44: =A32+1 -> 2018 | B44: =B32 -> 10 | C44: =D44+E44 -> 183228 | D44: =F44-R44 -> 183228 | F44: =SUM(I44:P44) -> 306481 | G44: =SUM(I44:O44)-N44-M44 -> 306970 | H44: =SUM(I44:O44)-SUM(K44:K44)+Q44 -> 306481 | I44: =I43 -> 252130 | J44: 54840 | K44: 0 | L44: 0 | M44: 0 | N44: -489 | O44: 0 | P44: 0 | Q44: 0 | R44: =SUM(S44:AE44) -> 123253 | S44: =FLOOR((G44)*IF(B44<=3,VLOOKUP(A44-1,割合!A:B,2,FALSE),VLOOKUP(A44,割合!A:B,2,FALSE)),1) -> 920 | T44: 29280 | U44: 7296 | V44: 4928 | W44: 0 | X44: 7050 | Y44: =Y43 -> 18200 | Z44: =Z43 -> 3120 | AA44: =AA43 -> 50 | AB44: =AB43 -> 1690 | AC44: 5349 | AD44: =AD43 -> 45370 | AE44: 0
A45: =A33+1 -> 2018 | B45: =B33 -> 11 | C45: =D45+E45 -> 324686 | D45: =F45-R45 -> 324686 | F45: =SUM(I45:P45) -> 452058 | G45: =SUM(I45:O45)-N45-M45 -> 452058 | H45: =SUM(I45:O45)-SUM(K45:K45)+Q45 -> 366398 | I45: =I44 -> 252130 | J45: 114268 | K45: 85660 | L45: 0 | M45: 0 | N45: 0 | O45: 0 | P45: 0 | Q45: 0 | R45: =SUM(S45:AE45) -> 127372 | S45: =FLOOR((G45)*IF(B45<=3,VLOOKUP(A45-1,割合!A:B,2,FALSE),VLOOKUP(A45,割合!A:B,2,FALSE)),1) -> 1356 | T45: =T44 -> 29280 | U45: =U44 -> 7296 | V45: =V44 -> 4928 | W45: 0 | X45: 10300 | Y45: =Y44 -> 18200 | Z45: =Z44 -> 3120 | AA45: =AA44 -> 50 | AB45: =AB44 -> 1690 | AC45: 5782 | AD45: =AD44 -> 45370 | AE45: 0
A46: =A34+1 -> 2018 | B46: =B34 -> 12 | C46: =D46+E46 -> 777027 | D46: =F46-R46 -> 259256 | E46: =AF46-AJ46 -> 517771 | F46: =SUM(I46:P46) -> 363818 | G46: =SUM(I46:O46)-N46-M46 -> 363818 | H46: =SUM(I46:O46)-SUM(K46:K46)+Q46 -> 363818 | I46: =I45 -> 252130 | J46: 111688 | K46: 0 | L46: 0 | M46: 0 | N46: 0 | O46: 0 | P46: 0 | Q46: 0 | R46: =SUM(S46:AE46) -> 104562 | S46: =FLOOR((G46)*IF(B46<=3,VLOOKUP(A46-1,割合!A:B,2,FALSE),VLOOKUP(A46,割合!A:B,2,FALSE)),1) -> 1091 | T46: =T45 -> 29280 | U46: =U45 -> 7296 | V46: =V45 -> 4928 | W46: 0 | X46: -9407 | Y46: =Y45 -> 18200 | Z46: =Z45 -> 3120 | AA46: =AA45 -> 50 | AB46: =AB45 -> 1690 | AC46: 2944 | AD46: =AD45 -> 45370 | AE46: 0 | AF46: =SUM(AG46:AI46) -> 637100 | AG46: 277700 | AH46: 282000 | AI46: 77400 | AJ46: =SUM(AK46:AP46) -> 119329 | AK46: =FLOOR(AF46*VLOOKUP(A46,割合!A:B,2,FALSE),1) -> 1911 | AL46: 58285 | AM46: 14524 | AN46: 9809 | AO46: 0 | AP46: 34800 | AQ46: =SUM(H35:H46)+SUM(AF35:AF46) -> 5062037 | AR46: =AQ46-AQ34 -> 411049 | AS46: =AR46/12 -> 34254.083 | AT46: =SUM(C35:C46)+SUM(AC35:AE46) -> 4087371 | AU46: =AT46-AT34 -> 183809 | AV46: =AU46/12 -> 15317.417 | AW46: =AT46/AQ46 -> 0.80745577
A47: =A35+1 -> 2019 | B47: =B35 -> 1 | C47: =D47+E47 -> 208825 | D47: =F47-R47 -> 208825 | F47: =SUM(I47:P47) -> 330781 | G47: =SUM(I47:O47)-N47-M47 -> 330781 | H47: =SUM(I47:O47)-SUM(K47:K47)+Q47 -> 330781 | I47: =I46 -> 252130 | J47: 78651 | K47: 0 | L47: 0 | M47: 0 | N47: 0 | O47: 0 | P47: 0 | Q47: 0 | R47: =SUM(S47:AE47) -> 121956 | S47: =FLOOR((G47)*IF(B47<=3,VLOOKUP(A47-1,割合!A:B,2,FALSE),VLOOKUP(A47,割合!A:B,2,FALSE)),1) -> 992 | T47: =T46 -> 29280 | U47: =U46 -> 7296 | V47: =V46 -> 4928 | W47: 0 | X47: 7920 | Y47: =Y46 -> 18200 | Z47: =Z46 -> 3120 | AA47: =AA46 -> 50 | AB47: =AB46 -> 1690 | AC47: 3110 | AD47: =AD46 -> 45370 | AE47: 0
A48: =A36+1 -> 2019 | B48: =B36 -> 2 | C48: =D48+E48 -> 212512 | D48: =F48-R48 -> 212512 | F48: =SUM(I48:P48) -> 331766 | G48: =SUM(I48:O48)-N48-M48 -> 331766 | H48: =SUM(I48:O48)-SUM(K48:K48)+Q48 -> 331766 | I48: =I47 -> 252130 | J48: 79636 | K48: 0 | L48: 0 | M48: 0 | N48: 0 | O48: 0 | P48: 0 | Q48: 0 | R48: =SUM(S48:AE48) -> 119254 | S48: =FLOOR((G48)*IF(B48<=3,VLOOKUP(A48-1,割合!A:B,2,FALSE),VLOOKUP(A48,割合!A:B,2,FALSE)),1) -> 995 | T48: =T47 -> 29280 | U48: =U47 -> 7296 | V48: =V47 -> 4928 | W48: 0 | X48: 7950 | Y48: =Y47 -> 18200 | Z48: =Z47 -> 3120 | AA48: =AA47 -> 50 | AB48: =AB47 -> 1690 | AC48: 375 | AD48: =AD47 -> 45370 | AE48: 0
A49: =A37+1 -> 2019 | B49: =B37 -> 3 | C49: =D49+E49 -> 200810 | D49: =F49-R49 -> 200810 | F49: =SUM(I49:P49) -> 319521 | G49: =SUM(I49:O49)-N49-M49 -> 319521 | H49: =SUM(I49:O49)-SUM(K49:K49)+Q49 -> 319521 | I49: =I48 -> 252130 | J49: 67391 | K49: 0 | L49: 0 | M49: 0 | N49: 0 | O49: 0 | P49: 0 | Q49: 0 | R49: =SUM(S49:AE49) -> 118711 | S49: =FLOOR((G49)*IF(B49<=3,VLOOKUP(A49-1,割合!A:B,2,FALSE),VLOOKUP(A49,割合!A:B,2,FALSE)),1) -> 958 | T49: =T48 -> 29280 | U49: =U48 -> 7296 | V49: =V48 -> 4928 | W49: 0 | X49: 7520 | Y49: =Y48 -> 18200 | Z49: =Z48 -> 3120 | AA49: =AA48 -> 50 | AB49: =AB48 -> 1690 | AC49: 299 | AD49: =AD48 -> 45370 | AE49: 0
A50: =A38+1 -> 2019 | B50: =B38 -> 4 | C50: =D50+E50 -> 218545 | D50: =F50-R50 -> 218545 | F50: =SUM(I50:P50) -> 338631 | G50: =SUM(I50:O50)-N50-M50 -> 338631 | H50: =SUM(I50:O50)-SUM(K50:K50)+Q50 -> 338631 | I50: 261530 | J50: 77101 | K50: 0 | L50: 0 | M50: 0 | N50: 0 | O50: 0 | P50: 0 | Q50: 0 | R50: =SUM(S50:AE50) -> 120086 | S50: =FLOOR((G50)*IF(B50<=3,VLOOKUP(A50-1,割合!A:B,2,FALSE),VLOOKUP(A50,割合!A:B,2,FALSE)),1) -> 1015 | T50: =T49 -> 29280 | U50: 7626 | V50: 4598 | W50: 0 | X50: 8200 | Y50: =Y49 -> 18200 | Z50: 3230 | AA50: =AA49 -> 50 | AB50: =AB49 -> 1690 | AC50: 827 | AD50: =AD49 -> 45370 | AE50: 0
A51: =A39+1 -> 2019 | B51: =B39 -> 5 | C51: =D51+E51 -> 264432 | D51: =F51-R51 -> 264432 | F51: =SUM(I51:P51) -> 382419 | G51: =SUM(I51:O51)-N51-M51 -> 374419 | H51: =SUM(I51:O51)-SUM(K51:K51)+Q51 -> 296759 | I51: =I50 -> 261530 | J51: 27229 | K51: 85660 | L51: 0 | M51: 0 | N51: 8000 | O51: 0 | P51: 0 | Q51: 0 | R51: =SUM(S51:AE51) -> 117987 | S51: =FLOOR((G51)*IF(B51<=3,VLOOKUP(A51-1,割合!A:B,2,FALSE),VLOOKUP(A51,割合!A:B,2,FALSE)),1) -> 1123 | T51: =T50 -> 29280 | U51: =U50 -> 7626 | V51: =V50 -> 4598 | W51: 0 | X51: 6700 | Y51: =Y50 -> 18200 | Z51: =Z50 -> 3230 | AA51: =AA50 -> 50 | AB51: =AB50 -> 1690 | AC51: 120 | AD51: =AD50 -> 45370 | AE51: 0
A52: =A40+1 -> 2019 | B52: =B40 -> 6 | C52: =D52+E52 -> 736031 | D52: =F52-R52 -> 202749 | E52: =AF52-AJ52 -> 533282 | F52: =SUM(I52:P52) -> 324695 | G52: =SUM(I52:O52)-N52-M52 -> 324695 | H52: =SUM(I52:O52)-SUM(K52:K52)+Q52 -> 324695 | I52: =I51 -> 261530 | J52: 63165 | K52: 0 | L52: 0 | M52: 0 | N52: 0 | O52: 0 | P52: 0 | Q52: 0 | R52: =SUM(S52:AE52) -> 121946 | S52: =FLOOR((G52)*IF(B52<=3,VLOOKUP(A52-1,割合!A:B,2,FALSE),VLOOKUP(A52,割合!A:B,2,FALSE)),1) -> 974 | T52: =T51 -> 29280 | U52: =U51 -> 7626 | V52: =V51 -> 4598 | W52: 0 | X52: 7700 | Y52: 21000 | Z52: =Z51 -> 3230 | AA52: =AA51 -> 50 | AB52: =AB51 -> 1690 | AC52: 428 | AD52: =AD51 -> 45370 | AE52: 0 | AF52: =SUM(AG52:AI52) -> 655000 | AG52: 280000 | AH52: 287000 | AI52: 88000 | AJ52: =SUM(AK52:AP52) -> 121718 | AK52: =FLOOR(AF52*VLOOKUP(A52,割合!A:B,2,FALSE),1) -> 1965 | AL52: 59932 | AM52: 15609 | AN52: 9412 | AO52: 0 | AP52: 34800
A53: =A41+1 -> 2019 | B53: =B41 -> 7 | C53: =D53+E53 -> 200094 | D53: =F53-R53 -> 200094 | F53: =SUM(I53:P53) -> 321639 | G53: =SUM(I53:O53)-N53-M53 -> 321639 | H53: =SUM(I53:O53)-SUM(K53:K53)+Q53 -> 321639 | I53: =I52 -> 261530 | J53: 60109 | K53: 0 | L53: 0 | M53: 0 | N53: 0 | O53: 0 | P53: 0 | Q53: 0 | R53: =SUM(S53:AE53) -> 121545 | S53: =FLOOR((G53)*IF(B53<=3,VLOOKUP(A53-1,割合!A:B,2,FALSE),VLOOKUP(A53,割合!A:B,2,FALSE)),1) -> 964 | T53: =T52 -> 29280 | U53: =U52 -> 7626 | V53: =V52 -> 4598 | W53: 0 | X53: 7590 | Y53: 20100 | Z53: =Z52 -> 3230 | AA53: =AA52 -> 50 | AB53: =AB52 -> 1690 | AC53: 1047 | AD53: =AD52 -> 45370 | AE53: 0
A54: =A42+1 -> 2019 | B54: =B42 -> 8 | C54: =D54+E54 -> 218580 | D54: =F54-R54 -> 218580 | F54: =SUM(I54:P54) -> 343361 | G54: =SUM(I54:O54)-N54-M54 -> 343361 | H54: =SUM(I54:O54)-SUM(K54:K54)+Q54 -> 343361 | I54: =I53 -> 261530 | J54: 81831 | K54: 0 | L54: 0 | M54: 0 | N54: 0 | O54: 0 | P54: 0 | Q54: 0 | R54: =SUM(S54:AE54) -> 124781 | S54: =FLOOR((G54)*IF(B54<=3,VLOOKUP(A54-1,割合!A:B,2,FALSE),VLOOKUP(A54,割合!A:B,2,FALSE)),1) -> 1030 | T54: =T53 -> 29280 | U54: =U53 -> 7626 | V54: =V53 -> 4598 | W54: 0 | X54: 8450 | Y54: =Y53 -> 20100 | Z54: =Z53 -> 3230 | AA54: =AA53 -> 50 | AB54: =AB53 -> 1690 | AC54: 3357 | AD54: =AD53 -> 45370 | AE54: 0
A55: =A43+1 -> 2019 | B55: =B43 -> 9 | C55: =D55+E55 -> 184532 | D55: =F55-R55 -> 184532 | F55: =SUM(I55:P55) -> 306173 | G55: =SUM(I55:O55)-N55-M55 -> 306173 | H55: =SUM(I55:O55)-SUM(K55:K55)+Q55 -> 306173 | I55: =I54 -> 261530 | J55: 44643 | K55: 0 | L55: 0 | M55: 0 | N55: 0 | O55: 0 | P55: 0 | Q55: 0 | R55: =SUM(S55:AE55) -> 121641 | S55: =FLOOR((G55)*IF(B55<=3,VLOOKUP(A55-1,割合!A:B,2,FALSE),VLOOKUP(A55,割合!A:B,2,FALSE)),1) -> 918 | T55: =T54 -> 29280 | U55: =U54 -> 7626 | V55: =V54 -> 4598 | W55: 0 | X55: 7040 | Y55: =Y54 -> 20100 | Z55: =Z54 -> 3230 | AA55: =AA54 -> 50 | AB55: =AB54 -> 1690 | AC55: 1739 | AD55: =AD54 -> 45370 | AE55: 0
A56: =A44+1 -> 2019 | B56: =B44 -> 10 | C56: =D56+E56 -> 161270 | D56: =F56-R56 -> 161270 | F56: =SUM(I56:P56) -> 285761 | G56: =SUM(I56:O56)-N56-M56 -> 285761 | H56: =SUM(I56:O56)-SUM(K56:K56)+Q56 -> 285761 | I56: =I55 -> 261530 | J56: 24231 | K56: 0 | L56: 0 | M56: 0 | N56: 0 | O56: 0 | P56: 0 | Q56: 0 | R56: =SUM(S56:AE56) -> 124491 | S56: =FLOOR((G56)*IF(B56<=3,VLOOKUP(A56-1,割合!A:B,2,FALSE),VLOOKUP(A56,割合!A:B,2,FALSE)),1) -> 857 | T56: 31110 | U56: 8103 | V56: 4885 | W56: 0 | X56: 6220 | Y56: =Y55 -> 20100 | Z56: =Z55 -> 3230 | AA56: =AA55 -> 50 | AB56: =AB55 -> 1690 | AC56: 2876 | AD56: =AD55 -> 45370 | AE56: 0
A57: =A45+1 -> 2019 | B57: =B45 -> 11 | C57: =D57+E57 -> 276618 | D57: =F57-R57 -> 276618 | F57: =SUM(I57:P57) -> 402405 | G57: =SUM(I57:O57)-N57-M57 -> 402405 | H57: =SUM(I57:O57)-SUM(K57:K57)+Q57 -> 315155 | I57: =I56 -> 261530 | J57: 53625 | K57: 87250 | L57: 0 | M57: 0 | N57: 0 | O57: 0 | P57: 0 | Q57: 0 | R57: =SUM(S57:AE57) -> 125787 | S57: =FLOOR((G57)*IF(B57<=3,VLOOKUP(A57-1,割合!A:B,2,FALSE),VLOOKUP(A57,割合!A:B,2,FALSE)),1) -> 1207 | T57: =T56 -> 31110 | U57: =U56 -> 8103 | V57: =V56 -> 4885 | W57: 0 | X57: 7260 | Y57: =Y56 -> 20100 | Z57: =Z56 -> 3230 | AA57: =AA56 -> 50 | AB57: =AB56 -> 1690 | AC57: 2782 | AD57: =AD56 -> 45370 | AE57: 0
A58: =A46+1 -> 2019 | B58: =B46 -> 12 | C58: =D58+E58 -> 767452 | D58: =F58-R58 -> 193462 | E58: =AF58-AJ58 -> 573990 | F58: =SUM(I58:P58) -> 306039 | G58: =SUM(I58:O58)-N58-M58 -> 306039 | H58: =SUM(I58:O58)-SUM(K58:K58)+Q58 -> 306039 | I58: =I57 -> 261530 | J58: 44509 | K58: 0 | L58: 0 | M58: 0 | N58: 0 | O58: 0 | P58: 0 | Q58: 0 | R58: =SUM(S58:AE58) -> 112577 | S58: =FLOOR((G58)*IF(B58<=3,VLOOKUP(A58-1,割合!A:B,2,FALSE),VLOOKUP(A58,割合!A:B,2,FALSE)),1) -> 918 | T58: =T57 -> 31110 | U58: =U57 -> 8103 | V58: =V57 -> 4885 | W58: 0 | X58: -5307 | Y58: =Y57 -> 20100 | Z58: =Z57 -> 3230 | AA58: =AA57 -> 50 | AB58: =AB57 -> 1690 | AC58: 2428 | AD58: =AD57 -> 45370 | AE58: 0 | AF58: =SUM(AG58:AI58) -> 705000 | AG58: 310000 | AH58: 316000 | AI58: 79000 | AJ58: =SUM(AK58:AP58) -> 131010 | AK58: =FLOOR(AF58*VLOOKUP(A58,割合!A:B,2,FALSE),1) -> 2115 | AL58: 64507 | AM58: 16801 | AN58: 10130 | AO58: 0 | AP58: 37457 | AQ58: =SUM(H47:H58)+SUM(AF47:AF58) -> 5180281 | AR58: =AQ58-AQ46 -> 118244 | AS58: =AR58/12 -> 9853.6667 | AT58: =SUM(C47:C58)+SUM(AC47:AE58) -> 4213529 | AU58: =AT58-AT46 -> 126158 | AV58: =AU58/12 -> 10513.167 | AW58: =AT58/AQ58 -> 0.81337846
A59: =A47+1 -> 2020 | B59: =B47 -> 1 | C59: =D59+E59 -> 196456 | D59: =F59-R59 -> 196456 | F59: =SUM(I59:P59) -> 322842 | G59: =SUM(I59:O59)-N59-M59 -> 321842 | H59: =SUM(I59:O59)-SUM(K59:K59)+Q59 -> 322842 | I59: =I58 -> 261530 | J59: 60312 | K59: 0 | L59: 0 | M59: 0 | N59: 1000 | O59: 0 | P59: 0 | Q59: 0 | R59: =SUM(S59:AE59) -> 126386 | S59: =FLOOR((G59)*IF(B59<=3,VLOOKUP(A59-1,割合!A:B,2,FALSE),VLOOKUP(A59,割合!A:B,2,FALSE)),1) -> 965 | T59: =T58 -> 31110 | U59: =U58 -> 8103 | V59: =V58 -> 4885 | W59: 0 | X59: 7540 | Y59: =Y58 -> 20100 | Z59: =Z58 -> 3230 | AA59: =AA58 -> 50 | AB59: 1770 | AC59: 3263 | AD59: =AD58 -> 45370 | AE59: 0
A60: =A48+1 -> 2020 | B60: =B48 -> 2 | C60: =D60+E60 -> 212488 | D60: =F60-R60 -> 212488 | F60: =SUM(I60:P60) -> 337081 | G60: =SUM(I60:O60)-N60-M60 -> 337081 | H60: =SUM(I60:O60)-SUM(K60:K60)+Q60 -> 337081 | I60: =I59 -> 261530 | J60: 75551 | K60: 0 | L60: 0 | M60: 0 | N60: 0 | O60: 0 | P60: 0 | Q60: 0 | R60: =SUM(S60:AE60) -> 124593 | S60: =FLOOR((G60)*IF(B60<=3,VLOOKUP(A60-1,割合!A:B,2,FALSE),VLOOKUP(A60,割合!A:B,2,FALSE)),1) -> 1011 | T60: =T59 -> 31110 | U60: =U59 -> 8103 | V60: =V59 -> 4885 | W60: 0 | X60: 8050 | Y60: =Y59 -> 20100 | Z60: =Z59 -> 3230 | AA60: =AA59 -> 50 | AB60: =AB59 -> 1770 | AC60: 914 | AD60: =AD59 -> 45370 | AE60: 0
A61: =A49+1 -> 2020 | B61: =B49 -> 3 | C61: =D61+E61 -> 215829 | D61: =F61-R61 -> 215829 | F61: =SUM(I61:P61) -> 341979 | G61: =SUM(I61:O61)-N61-M61 -> 341979 | H61: =SUM(I61:O61)-SUM(K61:K61)+Q61 -> 341979 | I61: =I60 -> 261530 | J61: 80449 | K61: 0 | L61: 0 | M61: 0 | N61: 0 | O61: 0 | P61: 0 | Q61: 0 | R61: =SUM(S61:AE61) -> 126150 | S61: =FLOOR((G61)*IF(B61<=3,VLOOKUP(A61-1,割合!A:B,2,FALSE),VLOOKUP(A61,割合!A:B,2,FALSE)),1) -> 1025 | T61: =T60 -> 31110 | U61: =U60 -> 8103 | V61: =V60 -> 4885 | W61: 0 | X61: 8230 | Y61: =Y60 -> 20100 | Z61: =Z60 -> 3230 | AA61: =AA60 -> 50 | AB61: =AB60 -> 1770 | AC61: 2277 | AD61: =AD60 -> 45370 | AE61: 0
A62: =A50+1 -> 2020 | B62: =B50 -> 4 | C62: =D62+E62 -> 218298 | D62: =F62-R62 -> 218298 | F62: =SUM(I62:P62) -> 344194 | G62: =SUM(I62:O62)-N62-M62 -> 344194 | H62: =SUM(I62:O62)-SUM(K62:K62)+Q62 -> 344194 | I62: 268230 | J62: 75964 | K62: 0 | L62: 0 | M62: 0 | N62: 0 | O62: 0 | P62: 0 | Q62: 0 | R62: =SUM(S62:AE62) -> 125896 | S62: =FLOOR((G62)*IF(B62<=3,VLOOKUP(A62-1,割合!A:B,2,FALSE),VLOOKUP(A62,割合!A:B,2,FALSE)),1) -> 1032 | T62: =T61 -> 31110 | U62: =U61 -> 8103 | V62: =V61 -> 4885 | W62: 0 | X62: 8310 | Y62: =Y61 -> 20100 | Z62: 3310 | AA62: =AA61 -> 50 | AB62: =AB61 -> 1770 | AC62: 1856 | AD62: =AD61 -> 45370 | AE62: 0
A63: =A51+1 -> 2020 | B63: =B51 -> 5 | C63: =D63+E63 -> 308639 | D63: =F63-R63 -> 308639 | F63: =SUM(I63:P63) -> 444101 | G63: =SUM(I63:O63)-N63-M63 -> 444101 | H63: =SUM(I63:O63)-SUM(K63:K63)+Q63 -> 356851 | I63: =I62 -> 268230 | J63: 88621 | K63: 87250 | L63: 0 | M63: 0 | N63: 0 | O63: 0 | P63: 0 | Q63: 0 | R63: =SUM(S63:AE63) -> 135462 | S63: =FLOOR((G63)*IF(B63<=3,VLOOKUP(A63-1,割合!A:B,2,FALSE),VLOOKUP(A63,割合!A:B,2,FALSE)),1) -> 1332 | T63: =T62 -> 31110 | U63: 7508 | V63: 4800 | W63: 0 | X63: 9370 | Y63: =Y62 -> 20100 | Z63: =Z62 -> 3310 | AA63: =AA62 -> 50 | AB63: =AB62 -> 1770 | AC63: 240 | AD63: 49170 | AE63: 6702
A64: =A52+1 -> 2020 | B64: =B52 -> 6 | C64: =D64+E64 -> 754168 | D64: =F64-R64 -> 116330 | E64: =AF64-AJ64 -> 637838 | F64: =SUM(I64:P64) -> 244511 | G64: =SUM(I64:O64)-N64-M64 -> 244511 | H64: =SUM(I64:O64)-SUM(K64:K64)+Q64 -> 321301 | I64: =I63 -> 268230 | J64: 53071 | K64: -76790 | L64: 0 | M64: 0 | N64: 0 | O64: 0 | P64: 0 | Q64: 0 | R64: =SUM(S64:AE64) -> 128181 | S64: =FLOOR((G64)*IF(B64<=3,VLOOKUP(A64-1,割合!A:B,2,FALSE),VLOOKUP(A64,割合!A:B,2,FALSE)),1) -> 733 | T64: =T63 -> 31110 | U64: =U63 -> 7508 | V64: =V63 -> 4800 | W64: 0 | X64: 7520 | Y64: 22100 | Z64: =Z63 -> 3310 | AA64: =AA63 -> 50 | AB64: =AB63 -> 1770 | AC64: 110 | AD64: =AD63 -> 49170 | AE64: 0 | AF64: =SUM(AG64:AI64) -> 799000 | AG64: 310000 | AH64: 385000 | AI64: 104000 | AJ64: =SUM(AK64:AP64) -> 161162 | AK64: =FLOOR(AF64*VLOOKUP(A64,割合!A:B,2,FALSE),1) -> 2397 | AL64: 73108 | AM64: 17642 | AN64: 11281 | AO64: 0 | AP64: 56734
A65: =A53+1 -> 2020 | B65: =B53 -> 7 | C65: =D65+E65 -> 175204 | D65: =F65-R65 -> 175204 | F65: =SUM(I65:P65) -> 312835 | G65: =SUM(I65:O65)-N65-M65 -> 312835 | H65: =SUM(I65:O65)-SUM(K65:K65)+Q65 -> 312835 | I65: =I64 -> 268230 | J65: 44605 | K65: 0 | L65: 0 | M65: 0 | N65: 0 | O65: 0 | P65: 0 | Q65: 0 | R65: =SUM(S65:AE65) -> 137631 | S65: =FLOOR((G65)*IF(B65<=3,VLOOKUP(A65-1,割合!A:B,2,FALSE),VLOOKUP(A65,割合!A:B,2,FALSE)),1) -> 938 | T65: =T64 -> 31110 | U65: =U64 -> 7508 | V65: =V64 -> 4800 | W65: 0 | X65: 7210 | Y65: 21100 | Z65: =Z64 -> 3310 | AA65: =AA64 -> 50 | AB65: =AB64 -> 1770 | AC65: 5260 | AD65: =AD64 -> 49170 | AE65: 5405
A66: =A54+1 -> 2020 | B66: =B54 -> 8 | C66: =D66+E66 -> 209646 | D66: =F66-R66 -> 209646 | F66: =SUM(I66:P66) -> 337566 | G66: =SUM(I66:O66)-N66-M66 -> 337566 | H66: =SUM(I66:O66)-SUM(K66:K66)+Q66 -> 337566 | I66: =I65 -> 268230 | J66: 69336 | K66: 0 | L66: 0 | M66: 0 | N66: 0 | O66: 0 | P66: 0 | Q66: 0 | R66: =SUM(S66:AE66) -> 127920 | S66: =FLOOR((G66)*IF(B66<=3,VLOOKUP(A66-1,割合!A:B,2,FALSE),VLOOKUP(A66,割合!A:B,2,FALSE)),1) -> 1012 | T66: =T65 -> 31110 | U66: =U65 -> 7508 | V66: =V65 -> 4800 | W66: 0 | X66: 8090 | Y66: =Y65 -> 21100 | Z66: =Z65 -> 3310 | AA66: =AA65 -> 50 | AB66: =AB65 -> 1770 | AC66: 0 | AD66: =AD65 -> 49170 | AE66: 0
A67: =A55+1 -> 2020 | B67: =B55 -> 9 | C67: =D67+E67 -> 190528 | D67: =F67-R67 -> 190528 | F67: =SUM(I67:P67) -> 314349 | G67: =SUM(I67:O67)-N67-M67 -> 314349 | H67: =SUM(I67:O67)-SUM(K67:K67)+Q67 -> 314349 | I67: =I66 -> 268230 | J67: 46119 | K67: 0 | L67: 0 | M67: 0 | N67: 0 | O67: 0 | P67: 0 | Q67: 0 | R67: =SUM(S67:AE67) -> 123821 | S67: =FLOOR((G67)*IF(B67<=3,VLOOKUP(A67-1,割合!A:B,2,FALSE),VLOOKUP(A67,割合!A:B,2,FALSE)),1) -> 943 | T67: =T66 -> 31110 | U67: =U66 -> 7508 | V67: =V66 -> 4800 | W67: 0 | X67: 7270 | Y67: =Y66 -> 21100 | Z67: 100 | AA67: =AA66 -> 50 | AB67: =AB66 -> 1770 | AC67: 0 | AD67: =AD66 -> 49170 | AE67: 0
A68: =A56+1 -> 2020 | B68: =B56 -> 10 | C68: =D68+E68 -> 194105 | D68: =F68-R68 -> 194105 | F68: =SUM(I68:P68) -> 318067 | G68: =SUM(I68:O68)-N68-M68 -> 318067 | H68: =SUM(I68:O68)-SUM(K68:K68)+Q68 -> 318067 | I68: =I67 -> 268230 | J68: 49837 | K68: 0 | L68: 0 | M68: 0 | N68: 0 | O68: 0 | P68: 0 | Q68: 0 | R68: =SUM(S68:AE68) -> 123962 | S68: =FLOOR((G68)*IF(B68<=3,VLOOKUP(A68-1,割合!A:B,2,FALSE),VLOOKUP(A68,割合!A:B,2,FALSE)),1) -> 954 | T68: =T67 -> 31110 | U68: =U67 -> 7508 | V68: =V67 -> 4800 | W68: 0 | X68: 7400 | Y68: =Y67 -> 21100 | Z68: 100 | AA68: =AA67 -> 50 | AB68: =AB67 -> 1770 | AC68: 0 | AD68: =AD67 -> 49170 | AE68: 0
A69: =A57+1 -> 2020 | B69: =B57 -> 11 | C69: =D69+E69 -> 210232 | D69: =F69-R69 -> 210232 | F69: =SUM(I69:P69) -> 338174 | G69: =SUM(I69:O69)-N69-M69 -> 338174 | H69: =SUM(I69:O69)-SUM(K69:K69)+Q69 -> 338174 | I69: =I68 -> 268230 | J69: 69944 | K69: 0 | L69: 0 | M69: 0 | N69: 0 | O69: 0 | P69: 0 | Q69: 0 | R69: =SUM(S69:AE69) -> 127942 | S69: =FLOOR((G69)*IF(B69<=3,VLOOKUP(A69-1,割合!A:B,2,FALSE),VLOOKUP(A69,割合!A:B,2,FALSE)),1) -> 1014 | T69: =T68 -> 31110 | U69: =U68 -> 7508 | V69: =V68 -> 4800 | W69: 0 | X69: 8110 | Y69: =Y68 -> 21100 | Z69: 3310 | AA69: =AA68 -> 50 | AB69: =AB68 -> 1770 | AC69: 0 | AD69: =AD68 -> 49170 | AE69: 0
A70: =A58+1 -> 2020 | B70: =B58 -> 12 | C70: =D70+E70 -> 808293 | D70: =F70-R70 -> 209313 | E70: =AF70-AJ70 -> 598980 | F70: =SUM(I70:P70) -> 317364 | G70: =SUM(I70:O70)-N70-M70 -> 317364 | H70: =SUM(I70:O70)-SUM(K70:K70)+Q70 -> 317364 | I70: =I69 -> 268230 | J70: 49134 | K70: 0 | L70: 0 | M70: 0 | N70: 0 | O70: 0 | P70: 0 | Q70: 0 | R70: =SUM(S70:AE70) -> 108051 | S70: =FLOOR((G70)*IF(B70<=3,VLOOKUP(A70-1,割合!A:B,2,FALSE),VLOOKUP(A70,割合!A:B,2,FALSE)),1) -> 952 | T70: =T69 -> 31110 | U70: =U69 -> 7508 | V70: =V69 -> 4800 | W70: 0 | X70: -11719 | Y70: =Y69 -> 21100 | Z70: =Z69 -> 3310 | AA70: =AA69 -> 50 | AB70: =AB69 -> 1770 | AC70: 0 | AD70: =AD69 -> 49170 | AE70: 0 | AF70: =SUM(AG70:AI70) -> 734000 | AG70: 310000 | AH70: 385000 | AI70: 39000 | AJ70: =SUM(AK70:AP70) -> 135020 | AK70: =FLOOR(AF70*VLOOKUP(A70,割合!A:B,2,FALSE),1) -> 2202 | AL70: 67161 | AM70: 16206 | AN70: 10364 | AO70: 0 | AP70: 39087 | AQ70: =SUM(H59:H70)+SUM(AF59:AF70) -> 5495603 | AR70: =AQ70-AQ58 -> 315322 | AS70: =AR70/12 -> 26276.833 | AT70: =SUM(C59:C70)+SUM(AC59:AE70) -> 4294753 | AU70: =AT70-AT58 -> 81224 | AV70: =AU70/12 -> 6768.6667 | AW70: =AT70/AQ70 -> 0.78148895
A71: =A59+1 -> 2021 | B71: =B59 -> 1 | C71: =D71+E71 -> 196260 | D71: =F71-R71 -> 196260 | F71: =SUM(I71:P71) -> 323786 | G71: =SUM(I71:O71)-N71-M71 -> 322786 | H71: =SUM(I71:O71)-SUM(K71:K71)+Q71 -> 323786 | I71: =I70 -> 268230 | J71: 54556 | K71: 0 | L71: 0 | M71: 0 | N71: 1000 | O71: 0 | P71: 0 | Q71: 0 | R71: =SUM(S71:AE71) -> 127526 | S71: =FLOOR((G71)*IF(B71<=3,VLOOKUP(A71-1,割合!A:B,2,FALSE),VLOOKUP(A71,割合!A:B,2,FALSE)),1) -> 968 | T71: =T70 -> 31110 | U71: =U70 -> 7508 | V71: =V70 -> 4800 | W71: 0 | X71: 7600 | Y71: =Y70 -> 21100 | Z71: =Z70 -> 3310 | AA71: =AA70 -> 50 | AB71: 1910 | AC71: 0 | AD71: =AD70 -> 49170 | AE71: 0
A72: =A60+1 -> 2021 | B72: =B60 -> 2 | C72: =D72+E72 -> 220602 | D72: =F72-R72 -> 220602 | F72: =SUM(I72:P72) -> 349388 | G72: =SUM(I72:O72)-N72-M72 -> 349388 | H72: =SUM(I72:O72)-SUM(K72:K72)+Q72 -> 349388 | I72: =I71 -> 268230 | J72: 81158 | K72: 0 | L72: 0 | M72: 0 | N72: 0 | O72: 0 | P72: 0 | Q72: 0 | R72: =SUM(S72:AE72) -> 128786 | S72: =FLOOR((G72)*IF(B72<=3,VLOOKUP(A72-1,割合!A:B,2,FALSE),VLOOKUP(A72,割合!A:B,2,FALSE)),1) -> 1048 | T72: =T71 -> 31110 | U72: =U71 -> 7508 | V72: =V71 -> 4800 | W72: 0 | X72: 8780 | Y72: =Y71 -> 21100 | Z72: =Z71 -> 3310 | AA72: =AA71 -> 50 | AB72: =AB71 -> 1910 | AC72: 0 | AD72: =AD71 -> 49170 | AE72: 0
A73: =A61+1 -> 2021 | B73: =B61 -> 3 | C73: =D73+E73 -> 239954 | D73: =F73-R73 -> 239954 | F73: =SUM(I73:P73) -> 370523 | G73: =SUM(I73:O73)-N73-M73 -> 370523 | H73: =SUM(I73:O73)-SUM(K73:K73)+Q73 -> 370523 | I73: =I72 -> 268230 | J73: 102293 | K73: 0 | L73: 0 | M73: 0 | N73: 0 | O73: 0 | P73: 0 | Q73: 0 | R73: =SUM(S73:AE73) -> 130569 | S73: =FLOOR((G73)*IF(B73<=3,VLOOKUP(A73-1,割合!A:B,2,FALSE),VLOOKUP(A73,割合!A:B,2,FALSE)),1) -> 1111 | T73: =T72 -> 31110 | U73: =U72 -> 7508 | V73: =V72 -> 4800 | W73: 0 | X73: 10500 | Y73: =Y72 -> 21100 | Z73: =Z72 -> 3310 | AA73: =AA72 -> 50 | AB73: =AB72 -> 1910 | AC73: 0 | AD73: =AD72 -> 49170 | AE73: 0
A74: =A62+1 -> 2021 | B74: =B62 -> 4 | C74: =D74+E74 -> 298975 | D74: =F74-R74 -> 298975 | F74: =SUM(I74:P74) -> 435288 | G74: =SUM(I74:O74)-N74-M74 -> 435288 | H74: =SUM(I74:O74)-SUM(K74:K74)+Q74 -> 435288 | I74: 290000 | J74: 90288 | K74: 0 | L74: =55000 -> 55000 | M74: 0 | N74: 0 | O74: 0 | P74: 0 | Q74: 0 | R74: =SUM(S74:AE74) -> 136313 | S74: =FLOOR((G74)*IF(B74<=3,VLOOKUP(A74-1,割合!A:B,2,FALSE),VLOOKUP(A74,割合!A:B,2,FALSE)),1) -> 1305 | T74: =T73 -> 31110 | U74: 6528 | V74: 5780 | W74: 0 | X74: 15780 | Y74: =Y73 -> 21100 | Z74: 3580 | AA74: =AA73 -> 50 | AB74: =AB73 -> 1910 | AC74: 0 | AD74: =AD73 -> 49170 | AE74: 0
A75: =A63+1 -> 2021 | B75: =B63 -> 5 | C75: =D75+E75 -> 217328 | D75: =F75-R75 -> 217328 | F75: =SUM(I75:P75) -> 346164 | G75: =SUM(I75:O75)-N75-M75 -> 346164 | H75: =SUM(I75:O75)-SUM(K75:K75)+Q75 -> 346164 | I75: =I74 -> 290000 | J75: 1164 | K75: 0 | L75: =55000 -> 55000 | M75: 0 | N75: 0 | O75: 0 | P75: 0 | Q75: 0 | R75: =SUM(S75:AE75) -> 128836 | S75: =FLOOR((G75)*IF(B75<=3,VLOOKUP(A75-1,割合!A:B,2,FALSE),VLOOKUP(A75,割合!A:B,2,FALSE)),1) -> 1038 | T75: =T74 -> 31110 | U75: =U74 -> 6528 | V75: =V74 -> 5780 | W75: 0 | X75: 8520 | Y75: =Y74 -> 21100 | Z75: =Z74 -> 3580 | AA75: 100 | AB75: =AB74 -> 1910 | AC75: 0 | AD75: =AD74 -> 49170 | AE75: 0
A76: =A64+1 -> 2021 | B76: =B64 -> 6 | C76: =D76+E76 -> 897395 | D76: =F76-R76 -> 237203 | E76: =AF76-AJ76 -> 660192 | F76: =SUM(I76:P76) -> 370492 | G76: =SUM(I76:O76)-N76-M76 -> 370492 | H76: =SUM(I76:O76)-SUM(K76:K76)+Q76 -> 370492 | I76: =I75 -> 290000 | J76: 25492 | K76: 0 | L76: =55000 -> 55000 | M76: 0 | N76: 0 | O76: 0 | P76: 0 | Q76: 0 | R76: =SUM(S76:AE76) -> 133289 | S76: =FLOOR((G76)*IF(B76<=3,VLOOKUP(A76-1,割合!A:B,2,FALSE),VLOOKUP(A76,割合!A:B,2,FALSE)),1) -> 1111 | T76: =T75 -> 31110 | U76: =U75 -> 6528 | V76: =V75 -> 5780 | W76: 0 | X76: 10500 | Y76: 23500 | Z76: =Z75 -> 3580 | AA76: =AA75 -> 100 | AB76: =AB75 -> 1910 | AC76: 0 | AD76: =AD75 -> 49170 | AE76: 0 | AF76: =SUM(AG76:AI76) -> 827000 | AG76: 310000 | AH76: 497000 | AI76: 20000 | AJ76: =SUM(AK76:AP76) -> 166808 | AK76: =FLOOR(AF76*VLOOKUP(A76,割合!A:B,2,FALSE),1) -> 2481 | AL76: 75670 | AM76: 15878 | AN76: 14059 | AO76: 0 | AP76: 58720
A77: =A65+1 -> 2021 | B77: =B65 -> 7 | C77: =D77+E77 -> 253810 | D77: =F77-R77 -> 253810 | F77: =SUM(I77:P77) -> 387971 | G77: =SUM(I77:O77)-N77-M77 -> 387971 | H77: =SUM(I77:O77)-SUM(K77:K77)+Q77 -> 387971 | I77: =I76 -> 290000 | J77: 42971 | K77: 0 | L77: =55000 -> 55000 | M77: 0 | N77: 0 | O77: 0 | P77: 0 | Q77: 0 | R77: =SUM(S77:AE77) -> 134161 | S77: =FLOOR((G77)*IF(B77<=3,VLOOKUP(A77-1,割合!A:B,2,FALSE),VLOOKUP(A77,割合!A:B,2,FALSE)),1) -> 1163 | T77: =T76 -> 31110 | U77: =U76 -> 6528 | V77: =V76 -> 5780 | W77: 0 | X77: 11920 | Y77: 22900 | Z77: =Z76 -> 3580 | AA77: =AA76 -> 100 | AB77: =AB76 -> 1910 | AC77: 0 | AD77: =AD76 -> 49170 | AE77: 0
A78: =A66+1 -> 2021 | B78: =B66 -> 8 | C78: =D78+E78 -> 218148 | D78: =F78-R78 -> 218148 | F78: =SUM(I78:P78) -> 354127 | G78: =SUM(I78:O78)-N78-M78 -> 347827 | H78: =SUM(I78:O78)-SUM(K78:K78)+Q78 -> 354127 | I78: =I77 -> 290000 | J78: 2827 | K78: 0 | L78: =55000 -> 55000 | M78: =63*100 -> 6300 | N78: 0 | O78: 0 | P78: 0 | Q78: 0 | R78: =SUM(S78:AE78) -> 135979 | S78: =FLOOR((G78)*IF(B78<=3,VLOOKUP(A78-1,割合!A:B,2,FALSE),VLOOKUP(A78,割合!A:B,2,FALSE)),1) -> 1043 | T78: 34770 | U78: 7296 | V78: 6460 | W78: 0 | X78: 8750 | Y78: =Y77 -> 22900 | Z78: =Z77 -> 3580 | AA78: =AA77 -> 100 | AB78: =AB77 -> 1910 | AC78: 0 | AD78: =AD77 -> 49170 | AE78: 0
A79: =A67+1 -> 2021 | B79: =B67 -> 9 | C79: =D79+E79 -> 247742 | D79: =F79-R79 -> 247742 | F79: =SUM(I79:P79) -> 382670 | G79: =SUM(I79:O79)-N79-M79 -> 380870 | H79: =SUM(I79:O79)-SUM(K79:K79)+Q79 -> 382670 | I79: =I78 -> 290000 | J79: 35870 | K79: 0 | L79: =55000 -> 55000 | M79: =18*100 -> 1800 | N79: 0 | O79: 0 | P79: 0 | Q79: 0 | R79: =SUM(S79:AE79) -> 134928 | S79: =FLOOR((G79)*IF(B79<=3,VLOOKUP(A79-1,割合!A:B,2,FALSE),VLOOKUP(A79,割合!A:B,2,FALSE)),1) -> 1142 | T79: =T78 -> 34770 | U79: =U78 -> 7296 | V79: =V78 -> 6460 | W79: 0 | X79: 11080 | Y79: =Y78 -> 22900 | Z79: 100 | AA79: =AA78 -> 100 | AB79: =AB78 -> 1910 | AC79: 0 | AD79: =AD78 -> 49170 | AE79: 0
A80: =A68+1 -> 2021 | B80: =B68 -> 10 | C80: =D80+E80 -> 279951 | D80: =F80-R80 -> 279951 | F80: =SUM(I80:P80) -> 417843 | G80: =SUM(I80:O80)-N80-M80 -> 415543 | H80: =SUM(I80:O80)-SUM(K80:K80)+Q80 -> 417843 | I80: =I79 -> 290000 | J80: 70543 | K80: 0 | L80: =55000 -> 55000 | M80: =23*100 -> 2300 | N80: 0 | O80: 0 | P80: 0 | Q80: 0 | R80: =SUM(S80:AE80) -> 137892 | S80: =FLOOR((G80)*IF(B80<=3,VLOOKUP(A80-1,割合!A:B,2,FALSE),VLOOKUP(A80,割合!A:B,2,FALSE)),1) -> 1246 | T80: =T79 -> 34770 | U80: =U79 -> 7296 | V80: =V79 -> 6460 | W80: 0 | X80: 13940 | Y80: =Y79 -> 22900 | Z80: 100 | AA80: =AA79 -> 100 | AB80: =AB79 -> 1910 | AC80: 0 | AD80: =AD79 -> 49170 | AE80: 0
A81: =A69+1 -> 2021 | B81: =B69 -> 11 | C81: =D81+E81 -> 237849 | D81: =F81-R81 -> 237849 | F81: =SUM(I81:P81) -> 374913 | G81: =SUM(I81:O81)-N81-M81 -> 372713 | H81: =SUM(I81:O81)-SUM(K81:K81)+Q81 -> 374913 | I81: =I80 -> 290000 | J81: 27713 | K81: 0 | L81: =55000 -> 55000 | M81: =22*100 -> 2200 | N81: 0 | O81: 0 | P81: 0 | Q81: 0 | R81: =SUM(S81:AE81) -> 137064 | S81: =FLOOR((G81)*IF(B81<=3,VLOOKUP(A81-1,割合!A:B,2,FALSE),VLOOKUP(A81,割合!A:B,2,FALSE)),1) -> 1118 | T81: =T80 -> 34770 | U81: =U80 -> 7296 | V81: =V80 -> 6460 | W81: 0 | X81: 10440 | Y81: =Y80 -> 22900 | Z81: 3000 | AA81: 0 | AB81: =AB80 -> 1910 | AC81: 0 | AD81: =AD80 -> 49170 | AE81: 0
A82: =A70+1 -> 2021 | B82: =B70 -> 12 | C82: =D82+E82 -> 1177473 | D82: =F82-R82 -> 266617 | E82: =AF82-AJ82 -> 910856 | F82: =SUM(I82:P82) -> 382016 | G82: =SUM(I82:O82)-N82-M82 -> 379716 | H82: =SUM(I82:O82)-SUM(K82:K82)+Q82 -> 382016 | I82: =I81 -> 290000 | J82: 34716 | K82: 0 | L82: =55000 -> 55000 | M82: =23*100 -> 2300 | N82: 0 | O82: 0 | P82: 0 | Q82: 0 | R82: =SUM(S82:AE82) -> 115399 | S82: =FLOOR((G82)*IF(B82<=3,VLOOKUP(A82-1,割合!A:B,2,FALSE),VLOOKUP(A82,割合!A:B,2,FALSE)),1) -> 1139 | T82: =T81 -> 34770 | U82: =U81 -> 7296 | V82: =V81 -> 6460 | W82: 0 | X82: -11246 | Y82: =Y81 -> 22900 | Z82: =Z81 -> 3000 | AA82: =AA81 -> 0 | AB82: =AB81 -> 1910 | AC82: 0 | AD82: =AD81 -> 49170 | AE82: 0 | AF82: =SUM(AG82:AI82) -> 1141000 | AG82: 340000 | AH82: 801000 | AI82: 0 | AJ82: =SUM(AK82:AP82) -> 230144 | AK82: =FLOOR(AF82*VLOOKUP(A82,割合!A:B,2,FALSE),1) -> 3423 | AL82: 104401 | AM82: 21907 | AN82: 19397 | AO82: 0 | AP82: 81016 | AQ82: =SUM(H71:H82)+SUM(AF71:AF82) -> 6463181 | AR82: =AQ82-AQ70 -> 967578 | AS82: =AR82/12 -> 80631.5 | AT82: =SUM(C71:C82)+SUM(AC71:AE82) -> 5075527 | AU82: =AT82-AT70 -> 780774 | AV82: =AU82/12 -> 65064.5 | AW82: =AT82/AQ82 -> 0.7852986
A83: =A71+1 -> 2022 | B83: =B71 -> 1 | C83: =D83+E83 -> 272303 | D83: =F83-R83 -> 272303 | F83: =SUM(I83:P83) -> 412546 | G83: =SUM(I83:O83)-N83-M83 -> 409246 | H83: =SUM(I83:O83)-SUM(K83:K83)+Q83 -> 412546 | I83: =I82 -> 290000 | J83: 64246 | K83: 0 | L83: =55000 -> 55000 | M83: =23*100 -> 2300 | N83: 1000 | O83: 0 | P83: 0 | Q83: 0 | R83: =SUM(S83:AE83) -> 140243 | S83: =FLOOR((G83)*IF(B83<=3,VLOOKUP(A83-1,割合!A:B,2,FALSE),VLOOKUP(A83,割合!A:B,2,FALSE)),1) -> 1227 | T83: =T82 -> 34770 | U83: =U82 -> 7296 | V83: =V82 -> 6460 | W83: 0 | X83: 13510 | Y83: =Y82 -> 22900 | Z83: =Z82 -> 3000 | AA83: =AA82 -> 0 | AB83: =AB82 -> 1910 | AC83: 0 | AD83: =AD82 -> 49170 | AE83: 0
A84: =A72+1 -> 2022 | B84: =B72 -> 2 | C84: =D84+E84 -> 290324 | D84: =F84-R84 -> 290324 | F84: =SUM(I84:P84) -> 432768 | G84: =SUM(I84:O84)-N84-M84 -> 432768 | H84: =SUM(I84:O84)-SUM(K84:K84)+Q84 -> 432768 | I84: =I83 -> 290000 | J84: 87768 | K84: 0 | L84: =55000 -> 55000 | M84: 0 | N84: 0 | O84: 0 | P84: 0 | Q84: 0 | R84: =SUM(S84:AE84) -> 142444 | S84: =FLOOR((G84)*IF(B84<=3,VLOOKUP(A84-1,割合!A:B,2,FALSE),VLOOKUP(A84,割合!A:B,2,FALSE)),1) -> 1298 | T84: =T83 -> 34770 | U84: =U83 -> 7296 | V84: =V83 -> 6460 | W84: 0 | X84: 15160 | Y84: =Y83 -> 22900 | Z84: =Z83 -> 3000 | AA84: =AA83 -> 0 | AB84: =AB83 -> 1910 | AC84: 480 | AD84: =AD83 -> 49170 | AE84: 0
A85: =A73+1 -> 2022 | B85: =B73 -> 3 | C85: =D85+E85 -> 248279 | D85: =F85-R85 -> 248279 | F85: =SUM(I85:P85) -> 386302 | G85: =SUM(I85:O85)-N85-M85 -> 382502 | H85: =SUM(I85:O85)-SUM(K85:K85)+Q85 -> 386302 | I85: =I84 -> 290000 | J85: 37502 | K85: 0 | L85: =55000 -> 55000 | M85: =(22+16)*100 -> 3800 | N85: 0 | O85: 0 | P85: 0 | Q85: 0 | R85: =SUM(S85:AE85) -> 138023 | S85: =FLOOR((G85)*IF(B85<=3,VLOOKUP(A85-1,割合!A:B,2,FALSE),VLOOKUP(A85,割合!A:B,2,FALSE)),1) -> 1147 | T85: =T84 -> 34770 | U85: =U84 -> 7296 | V85: =V84 -> 6460 | W85: 0 | X85: 11370 | Y85: =Y84 -> 22900 | Z85: =Z84 -> 3000 | AA85: =AA84 -> 0 | AB85: =AB84 -> 1910 | AC85: 0 | AD85: =AD84 -> 49170 | AE85: 0
A86: =A74+1 -> 2022 | B86: =B74 -> 4 | C86: =D86+E86 -> 306060 | D86: =F86-R86 -> 306060 | F86: =SUM(I86:P86) -> 449527 | G86: =SUM(I86:O86)-N86-M86 -> 447127 | H86: =SUM(I86:O86)-SUM(K86:K86)+Q86 -> 449527 | I86: 300500 | J86: 91627 | K86: 0 | L86: =55000 -> 55000 | M86: =24*100 -> 2400 | N86: 0 | O86: 0 | P86: 0 | Q86: 0 | R86: =SUM(S86:AE86) -> 143467 | S86: =FLOOR((G86)*IF(B86<=3,VLOOKUP(A86-1,割合!A:B,2,FALSE),VLOOKUP(A86,割合!A:B,2,FALSE)),1) -> 1341 | T86: =T85 -> 34770 | U86: =U85 -> 7296 | V86: =V85 -> 6460 | W86: 0 | X86: 16520 | Y86: =Y85 -> 22900 | Z86: 3100 | AA86: =AA85 -> 0 | AB86: =AB85 -> 1910 | AC86: 0 | AD86: =AD85 -> 49170 | AE86: 0
A87: =A75+1 -> 2022 | B87: =B75 -> 5 | C87: =D87+E87 -> 237297 | D87: =F87-R87 -> 237297 | F87: =SUM(I87:P87) -> 373443 | G87: =SUM(I87:O87)-N87-M87 -> 363443 | H87: =SUM(I87:O87)-SUM(K87:K87)+Q87 -> 373443 | I87: =I86 -> 300500 | J87: 7943 | K87: 0 | L87: =55000 -> 55000 | M87: =20*100 -> 2000 | N87: 8000 | O87: 0 | P87: 0 | Q87: 0 | R87: =SUM(S87:AE87) -> 136146 | S87: =FLOOR((G87)*IF(B87<=3,VLOOKUP(A87-1,割合!A:B,2,FALSE),VLOOKUP(A87,割合!A:B,2,FALSE)),1) -> 1090 | T87: =T86 -> 34770 | U87: 7688 | V87: 5118 | W87: 0 | X87: 10400 | Y87: =Y86 -> 22900 | Z87: =Z86 -> 3100 | AA87: =AA86 -> 0 | AB87: =AB86 -> 1910 | AC87: 0 | AD87: =AD86 -> 49170 | AE87: 0
A88: =A76+1 -> 2022 | B88: =B76 -> 6 | C88: =D88+E88 -> 1224602 | D88: =F88-R88 -> 267894 | E88: =AF88-AJ88 -> 956708 | F88: =SUM(I88:P88) -> 413444 | G88: =SUM(I88:O88)-N88-M88 -> 411544 | H88: =SUM(I88:O88)-SUM(K88:K88)+Q88 -> 413444 | I88: =I87 -> 300500 | J88: 56044 | K88: 0 | L88: =55000 -> 55000 | M88: =19*100 -> 1900 | N88: 0 | O88: 0 | P88: 0 | Q88: 0 | R88: =SUM(S88:AE88) -> 145550 | S88: =FLOOR((G88)*IF(B88<=3,VLOOKUP(A88-1,割合!A:B,2,FALSE),VLOOKUP(A88,割合!A:B,2,FALSE)),1) -> 1234 | T88: =T87 -> 34770 | U88: =U87 -> 7688 | V88: =V87 -> 5118 | W88: 0 | X88: 13660 | Y88: 28900 | Z88: =Z87 -> 3100 | AA88: =AA87 -> 0 | AB88: =AB87 -> 1910 | AC88: 0 | AD88: =AD87 -> 49170 | AE88: 0 | AF88: =SUM(AG88:AI88) -> 1195000 | AG88: 340000 | AH88: 825000 | AI88: 30000 | AJ88: =SUM(AK88:AP88) -> 238292 | AK88: =FLOOR(AF88*VLOOKUP(A88,割合!A:B,2,FALSE),1) -> 3585 | AL88: 109342 | AM88: 24175 | AN88: 16096 | AO88: 0 | AP88: 85094
A89: =A77+1 -> 2022 | B89: =B77 -> 7 | C89: =D89+E89 -> 267276 | D89: =F89-R89 -> 267276 | F89: =SUM(I89:P89) -> 412552 | G89: =SUM(I89:O89)-N89-M89 -> 410052 | H89: =SUM(I89:O89)-SUM(K89:K89)+Q89 -> 412552 | I89: =I88 -> 300500 | J89: 54552 | K89: 0 | L89: =55000 -> 55000 | M89: =25*100 -> 2500 | N89: 0 | O89: 0 | P89: 0 | Q89: 0 | R89: =SUM(S89:AE89) -> 145276 | S89: =FLOOR((G89)*IF(B89<=3,VLOOKUP(A89-1,割合!A:B,2,FALSE),VLOOKUP(A89,割合!A:B,2,FALSE)),1) -> 1230 | T89: =T88 -> 34770 | U89: =U88 -> 7688 | V89: =V88 -> 5118 | W89: 0 | X89: 13590 | Y89: 28700 | Z89: =Z88 -> 3100 | AA89: =AA88 -> 0 | AB89: =AB88 -> 1910 | AC89: 0 | AD89: =AD88 -> 49170 | AE89: 0
A90: =A78+1 -> 2022 | B90: =B78 -> 8 | C90: =D90+E90 -> 266661 | D90: =F90-R90 -> 266661 | F90: =SUM(I90:P90) -> 411882 | G90: =SUM(I90:O90)-N90-M90 -> 411882 | H90: =SUM(I90:O90)-SUM(K90:K90)+Q90 -> 411882 | I90: =I89 -> 300500 | J90: 56382 | K90: 0 | L90: =55000 -> 55000 | M90: 0 | N90: 0 | O90: 0 | P90: 0 | Q90: 0 | R90: =SUM(S90:AE90) -> 145221 | S90: =FLOOR((G90)*IF(B90<=3,VLOOKUP(A90-1,割合!A:B,2,FALSE),VLOOKUP(A90,割合!A:B,2,FALSE)),1) -> 1235 | T90: =T89 -> 34770 | U90: =U89 -> 7688 | V90: =V89 -> 5118 | W90: 0 | X90: 13530 | Y90: =Y89 -> 28700 | Z90: =Z89 -> 3100 | AA90: =AA89 -> 0 | AB90: =AB89 -> 1910 | AC90: 0 | AD90: =AD89 -> 49170 | AE90: 0
A91: =A79+1 -> 2022 | B91: =B79 -> 9 | C91: =D91+E91 -> 306308 | D91: =F91-R91 -> 306308 | F91: =SUM(I91:P91) -> 455175 | G91: =SUM(I91:O91)-N91-M91 -> 450375 | H91: =SUM(I91:O91)-SUM(K91:K91)+Q91 -> 455175 | I91: =I90 -> 300500 | J91: 94875 | K91: 0 | L91: =55000 -> 55000 | M91: =(22+22+4)*100 -> 4800 | N91: 0 | O91: 0 | P91: 0 | Q91: 0 | R91: =SUM(S91:AE91) -> 148867 | S91: =FLOOR((G91)*IF(B91<=3,VLOOKUP(A91-1,割合!A:B,2,FALSE),VLOOKUP(A91,割合!A:B,2,FALSE)),1) -> 1351 | T91: =T90 -> 34770 | U91: =U90 -> 7688 | V91: =V90 -> 5118 | W91: 0 | X91: 17060 | Y91: =Y90 -> 28700 | Z91: =Z90 -> 3100 | AA91: =AA90 -> 0 | AB91: =AB90 -> 1910 | AC91: 0 | AD91: =AD90 -> 49170 | AE91: 0
A92: =A80+1 -> 2022 | B92: =B80 -> 10 | C92: =D92+E92 -> 238909 | D92: =F92-R92 -> 238909 | F92: =SUM(I92:P92) -> 381996 | G92: =SUM(I92:O92)-N92-M92 -> 381996 | H92: =SUM(I92:O92)-SUM(K92:K92)+Q92 -> 381996 | I92: =I91 -> 300500 | J92: 26496 | K92: 0 | L92: =55000 -> 55000 | M92: 0 | N92: 0 | O92: 0 | P92: 0 | Q92: 0 | R92: =SUM(S92:AE92) -> 143087 | S92: =FLOOR((G92)*IF(B92<=3,VLOOKUP(A92-1,割合!A:B,2,FALSE),VLOOKUP(A92,割合!A:B,2,FALSE)),1) -> 1145 | T92: 37515 | U92: 8295 | V92: 5522 | W92: 0 | X92: 10730 | Y92: =Y91 -> 28700 | Z92: 100 | AA92: =AA91 -> 0 | AB92: =AB91 -> 1910 | AC92: 0 | AD92: =AD91 -> 49170 | AE92: 0
A93: =A81+1 -> 2022 | B93: =B81 -> 11 | C93: =D93+E93 -> 344685 | D93: =F93-R93 -> 344685 | F93: =SUM(I93:P93) -> 501350 | G93: =SUM(I93:O93)-N93-M93 -> 444470 | H93: =SUM(I93:O93)-SUM(K93:K93)+Q93 -> 501350 | I93: =I92 -> 300500 | J93: 88970 | K93: 0 | L93: =55000 -> 55000 | M93: =(20+2+17)*100 -> 3900 | N93: 52980 | O93: 0 | P93: 0 | Q93: 0 | R93: =SUM(S93:AE93) -> 156665 | S93: =FLOOR((G93)*IF(B93<=3,VLOOKUP(A93-1,割合!A:B,2,FALSE),VLOOKUP(A93,割合!A:B,2,FALSE)),1) -> 1333 | T93: =T92 -> 37515 | U93: =U92 -> 8295 | V93: =V92 -> 5522 | W93: 0 | X93: 21120 | Y93: =Y92 -> 28700 | Z93: 3100 | AA93: =AA92 -> 0 | AB93: =AB92 -> 1910 | AC93: 0 | AD93: =AD92 -> 49170 | AE93: 0
A94: =A82+1 -> 2022 | B94: =B82 -> 12 | C94: =D94+E94 -> 1144593 | D94: =F94-R94 -> 324398 | E94: =AF94-AJ94 -> 820195 | F94: =SUM(I94:P94) -> 459025 | G94: =SUM(I94:O94)-N94-M94 -> 456005 | H94: =SUM(I94:O94)-SUM(K94:K94)+Q94 -> 459025 | I94: =I93 -> 300500 | J94: 100505 | K94: 0 | L94: =55000 -> 55000 | M94: 0 | N94: 3020 | O94: 0 | P94: 0 | Q94: 0 | R94: =SUM(S94:AE94) -> 134627 | S94: =FLOOR((G94)*IF(B94<=3,VLOOKUP(A94-1,割合!A:B,2,FALSE),VLOOKUP(A94,割合!A:B,2,FALSE)),1) -> 1368 | T94: =T93 -> 37515 | U94: =U93 -> 8295 | V94: =V93 -> 5522 | W94: 0 | X94: -953 | Y94: =Y93 -> 28700 | Z94: =Z93 -> 3100 | AA94: =AA93 -> 0 | AB94: =AB93 -> 1910 | AC94: 0 | AD94: =AD93 -> 49170 | AE94: 0 | AF94: =SUM(AG94:AI94) -> 1124000 | AG94: 340000 | AH94: 784000 | AI94: 0 | AJ94: =SUM(AK94:AP94) -> 303805 | AK94: =FLOOR(AF94*VLOOKUP(A94,割合!A:B,2,FALSE),1) -> 3372 | AL94: 102846 | AM94: 22738 | AN94: 15140 | AO94: 0 | AP94: 159709 | AQ94: =SUM(H83:H94)+SUM(AF83:AF94) -> 7409010 | AR94: =AQ94-AQ82 -> 945829 | AS94: =AR94/12 -> 78819.083 | AT94: =SUM(C83:C94)+SUM(AC83:AE94) -> 5737817 | AU94: =AT94-AT82 -> 662290 | AV94: =AU94/12 -> 55190.833 | AW94: =AT94/AQ94 -> 0.77443775
A95: =A83+1 -> 2023 | B95: =B83 -> 1 | C95: =D95+E95 -> 324025 | D95: =F95-R95 -> 324025 | F95: =SUM(I95:P95) -> 424516 | G95: =SUM(I95:O95)-N95-M95 -> 419816 | H95: =SUM(I95:O95)-SUM(K95:K95)+Q95 -> 424516 | I95: =I94 -> 300500 | J95: 64316 | K95: 0 | L95: =55000 -> 55000 | M95: =(24+23)*100 -> 4700 | N95: 0 | O95: 0 | P95: 0 | Q95: 0 | R95: =SUM(S95:AE95) -> 100491 | S95: =FLOOR((G95)*IF(B95<=3,VLOOKUP(A95-1,割合!A:B,2,FALSE),VLOOKUP(A95,割合!A:B,2,FALSE)),1) -> 1259 | T95: =T94 -> 37515 | U95: =U94 -> 8295 | V95: =V94 -> 5522 | W95: 0 | X95: 14190 | Y95: =Y94 -> 28700 | Z95: =Z94 -> 3100 | AA95: =AA94 -> 0 | AB95: =AB94 -> 1910 | AC95: 0 | AD95: 0 | AE95: 0
A96: =A84+1 -> 2023 | B96: =B84 -> 2 | C96: =D96+E96 -> 299678 | D96: =F96-R96 -> 299678 | F96: =SUM(I96:P96) -> 441616 | G96: =SUM(I96:O96)-N96-M96 -> 438316 | H96: =SUM(I96:O96)-SUM(K96:K96)+Q96 -> 441616 | I96: =I95 -> 300500 | J96: 82816 | K96: 0 | L96: =55000 -> 55000 | M96: =23*100 -> 2300 | N96: 1000 | O96: 0 | P96: 0 | Q96: 0 | R96: =SUM(S96:AE96) -> 141938 | S96: =FLOOR((G96)*IF(B96<=3,VLOOKUP(A96-1,割合!A:B,2,FALSE),VLOOKUP(A96,割合!A:B,2,FALSE)),1) -> 1314 | T96: =T95 -> 37515 | U96: =U95 -> 8295 | V96: =V95 -> 5522 | W96: 0 | X96: 15580 | Y96: =Y95 -> 28700 | Z96: =Z95 -> 3100 | AA96: =AA95 -> 0 | AB96: =AB95 -> 1910 | AC96: 0 | AD96: =AD95 -> 0 | AE96: 40002
A97: =A85+1 -> 2023 | B97: =B85 -> 3 | C97: =D97+E97 -> 355437 | D97: =F97-R97 -> 355437 | F97: =SUM(I97:P97) -> 458818 | G97: =SUM(I97:O97)-N97-M97 -> 456518 | H97: =SUM(I97:O97)-SUM(K97:K97)+Q97 -> 458818 | I97: =I96 -> 300500 | J97: 101018 | K97: 0 | L97: =55000 -> 55000 | M97: =23*100 -> 2300 | N97: 0 | O97: 0 | P97: 0 | Q97: 0 | R97: =SUM(S97:AE97) -> 103381 | S97: =FLOOR((G97)*IF(B97<=3,VLOOKUP(A97-1,割合!A:B,2,FALSE),VLOOKUP(A97,割合!A:B,2,FALSE)),1) -> 1369 | T97: =T96 -> 37515 | U97: =U96 -> 8295 | V97: =V96 -> 5522 | W97: 0 | X97: 16970 | Y97: =Y96 -> 28700 | Z97: =Z96 -> 3100 | AA97: =AA96 -> 0 | AB97: =AB96 -> 1910 | AC97: 0 | AD97: =AD96 -> 0 | AE97: 0
A98: =A86+1 -> 2023 | B98: =B86 -> 4 | C98: =D98+E98 -> 349112 | D98: =F98-R98 -> 349112 | F98: =SUM(I98:P98) -> 453510 | G98: =SUM(I98:O98)-N98-M98 -> 451110 | H98: =SUM(I98:O98)-SUM(K98:K98)+Q98 -> 453510 | I98: 314400 | J98: 81710 | K98: 0 | L98: =55000 -> 55000 | M98: =24*100 -> 2400 | N98: 0 | O98: 0 | P98: 0 | Q98: 0 | R98: =SUM(S98:AE98) -> 104398 | S98: =FLOOR((G98)*IF(B98<=3,VLOOKUP(A98-1,割合!A:B,2,FALSE),VLOOKUP(A98,割合!A:B,2,FALSE)),1) -> 2706 | T98: =T97 -> 37515 | U98: 8036 | V98: 5781 | W98: 0 | X98: 16510 | Y98: =Y97 -> 28700 | Z98: 3240 | AA98: =AA97 -> 0 | AB98: =AB97 -> 1910 | AC98: 0 | AD98: =AD97 -> 0 | AE98: 0
A99: =A87+1 -> 2023 | B99: =B87 -> 5 | C99: =D99+E99 -> 284082 | D99: =F99-R99 -> 284082 | F99: =SUM(I99:P99) -> 382200 | G99: =SUM(I99:O99)-N99-M99 -> 369400 | H99: =SUM(I99:O99)-SUM(K99:K99)+Q99 -> 382200 | I99: =I98 -> 314400 | J99: 0 | K99: 0 | L99: =55000 -> 55000 | M99: =20*140 -> 2800 | N99: 10000 | O99: 0 | P99: 0 | Q99: 0 | R99: =SUM(S99:AE99) -> 98118 | S99: =FLOOR((G99)*IF(B99<=3,VLOOKUP(A99-1,割合!A:B,2,FALSE),VLOOKUP(A99,割合!A:B,2,FALSE)),1) -> 2216 | T99: =T98 -> 37515 | U99: =U98 -> 8036 | V99: =V98 -> 5781 | W99: 0 | X99: 10720 | Y99: =Y98 -> 28700 | Z99: =Z98 -> 3240 | AA99: =AA98 -> 0 | AB99: =AB98 -> 1910 | AC99: 0 | AD99: =AD98 -> 0 | AE99: 0
A100: =A88+1 -> 2023 | B100: =B88 -> 6 | C100: =D100+E100 -> 1346335 | D100: =F100-R100 -> 299573 | E100: =AF100-AJ100 -> 1046762 | F100: =SUM(I100:P100) -> 406262 | G100: =SUM(I100:O100)-N100-M100 -> 406262 | H100: =SUM(I100:O100)-SUM(K100:K100)+Q100 -> 406262 | I100: =I99 -> 314400 | J100: 36862 | K100: 0 | L100: =55000 -> 55000 | M100: 0 | N100: 0 | O100: 0 | P100: 0 | Q100: 0 | R100: =SUM(S100:AE100) -> 106689 | S100: =FLOOR((G100)*IF(B100<=3,VLOOKUP(A100-1,割合!A:B,2,FALSE),VLOOKUP(A100,割合!A:B,2,FALSE)),1) -> 2437 | T100: =T99 -> 37515 | U100: =U99 -> 8036 | V100: =V99 -> 5781 | W100: 0 | X100: 12670 | Y100: 35100 | Z100: =Z99 -> 3240 | AA100: =AA99 -> 0 | AB100: =AB99 -> 1910 | AC100: 0 | AD100: =AD99 -> 0 | AE100: 0 | AF100: =SUM(AG100:AI100) -> 1312000 | AG100: 340000 | AH100: 942000 | AI100: 30000 | AJ100: =SUM(AK100:AP100) -> 265238 | AK100: =FLOOR(AF100*VLOOKUP(A100,割合!A:B,2,FALSE),1) -> 7872 | AL100: 120048 | AM100: 25715 | AN100: 18499 | AO100: 0 | AP100: 93104
...

Sheet 割合
B1: 雇用保険料
A2: 2015 | B2: =5/1000 -> 0.005
A3: 2016 | B3: =4/1000 -> 0.004
A4: 2017 | B4: =3/1000 -> 0.003
A5: 2018 | B5: =3/1000 -> 0.003
A6: 2019 | B6: =3/1000 -> 0.003
A7: 2020 | B7: =3/1000 -> 0.003
A8: 2021 | B8: =3/1000 -> 0.003
A9: 2022 | B9: =3/1000 -> 0.003
A10: 2023 | B10: =6/1000 -> 0.006
A11: 2024 | B11: =6/1000 -> 0.006
A12: 2025 | B12: =5.5/1000 -> 0.0055
A13: 2026 | B13: =5/1000 -> 0.005

Sheet 基本給
A1: 基本給
A2: 2015年 | B2: 233000 | E2: 25歳
A3: 2016年 | B3: 240000 | C3: =B3-B2 -> 7000 | D3: =C3/B2 -> 0.030042918 | E3: 26歳
A4: 2017年 | B4: 246900 | C4: =B4-B3 -> 6900 | D4: =C4/B3 -> 0.02875 | E4: 27歳
A5: 2018年 | B5: 252130 | C5: =B5-B4 -> 5230 | D5: =C5/B4 -> 0.021182665 | E5: 28歳
A6: 2019年 | B6: 261530 | C6: =B6-B5 -> 9400 | D6: =C6/B5 -> 0.037282354 | E6: 29歳
A7: 2020年 | B7: 268230 | C7: =B7-B6 -> 6700 | D7: =C7/B6 -> 0.025618476 | E7: 30歳
A8: 2021年 | B8: 290000 | C8: =B8-B7 -> 21770 | D8: =C8/B7 -> 0.08116169 | E8: 31歳
A9: 2022年 | B9: 300500 | C9: =B9-B8 -> 10500 | D9: =C9/B8 -> 0.036206897 | E9: 32歳
A10: 2023年 | B10: 314400 | C10: =B10-B9 -> 13900 | D10: =C10/B9 -> 0.04625624 | E10: 33歳
A11: 2024年 | B11: 335600 | C11: =B11-B10 -> 21200 | D11: =C11/B10 -> 0.067430025 | E11: 34歳
A12: 2025年 | B12: 385500 | C12: =B12-B11 -> 49900 | D12: =C12/B11 -> 0.14868892 | E12: 35歳
A13: 2025年 | B13: 400700 | C13: =B13-B12 -> 15200 | D13: =C13/B12 -> 0.039429313 | E13: 35歳
A15: 2026年 | B15: =B13+C15 -> 415639.04 | C15: =B13*D15 -> 14939.039 | D15: =MEDIAN(D3:D13) -> 0.037282354 | E15: 36歳
A16: 2027年 | B16: =B15+C16 -> 431135.04 | C16: =B15*D16 -> 15496.002 | D16: =D15 -> 0.037282354 | E16: 37歳
A17: 2028年 | B17: =B16+C17 -> 447208.77 | C17: =B16*D17 -> 16073.729 | D17: =D16 -> 0.037282354 | E17: 38歳
A18: 2029年 | B18: =B17+C18 -> 463881.77 | C18: =B17*D18 -> 16672.996 | D18: =D17 -> 0.037282354 | E18: 39歳
A19: 2030年 | B19: =B18+C19 -> 481176.37 | C19: =B18*D19 -> 17294.604 | D19: =D18 -> 0.037282354 | E19: 40歳
A20: 2031年 | B20: =B19+C20 -> 499115.76 | C20: =B19*D20 -> 17939.388 | D20: =D19 -> 0.037282354 | E20: 41歳
A21: 2032年 | B21: =B20+C21 -> 517723.97 | C21: =B20*D21 -> 18608.211 | D21: =D20 -> 0.037282354 | E21: 42歳
A22: 2033年 | B22: =B21+C22 -> 537025.94 | C22: =B21*D22 -> 19301.968 | D22: =D21 -> 0.037282354 | E22: 43歳
A23: 2034年 | B23: =B22+C23 -> 557047.53 | C23: =B22*D23 -> 20021.591 | D23: =D22 -> 0.037282354 | E23: 44歳
A24: 2035年 | B24: =B23+C24 -> 577815.57 | C24: =B23*D24 -> 20768.043 | D24: =D23 -> 0.037282354 | E24: 45歳
A25: 2036年 | B25: =B24+C25 -> 599357.9 | C25: =B24*D25 -> 21542.325 | D25: =D24 -> 0.037282354 | E25: 46歳
A26: 2037年 | B26: =B25+C26 -> 621703.37 | C26: =B25*D26 -> 22345.474 | D26: =D25 -> 0.037282354 | E26: 47歳
A27: 2038年 | B27: =B26+C27 -> 644881.94 | C27: =B26*D27 -> 23178.565 | D27: =D26 -> 0.037282354 | E27: 48歳
... A44: 2055年 | B44: =B43+C44 -> 1201514.6 | C44: =B43*D44 -> 43185.244 | D44: =D43 -> 0.037282354 | E44: 65歳

Sheet 在宅勤務費用補填
A2: 2021 | B2: 4 | C2: 20 | D2: =給料!M74 -> 0 | G2: =E2*F2 -> 0
A3: 2021 | B3: 5 | C3: 19 | D3: =給料!M75 -> 0 | E3: =IF(D2=0,C2+E2,C2) -> 20 | F3: =IF(D3=0,F2,D3/E3) -> 0 | G3: =E3*F3 -> 0
A4: 2021 | B4: 6 | C4: 24 | D4: =給料!M76 -> 0 | E4: =IF(D3=0,C3+E3,C3) -> 39 | F4: =IF(D4=0,F3,D4/E4) -> 0 | G4: =E4*F4 -> 0
A5: 2021 | B5: 7 | C5: 0 | D5: =給料!M77 -> 0 | E5: =IF(D4=0,C4+E4,C4) -> 63 | F5: =IF(D5=0,F4,D5/E5) -> 0 | G5: =E5*F5 -> 0
A6: 2021 | B6: 8 | C6: 18 | D6: =給料!M78 -> 6300 | E6: =IF(D5=0,C5+E5,C5) -> 63 | F6: =IF(D6=0,F5,D6/E6) -> 100 | G6: =E6*F6 -> 6300
A7: 2021 | B7: 9 | C7: 23 | D7: =給料!M79 -> 1800 | E7: =IF(D6=0,C6+E6,C6) -> 18 | F7: =IF(D7=0,F6,D7/E7) -> 100 | G7: =E7*F7 -> 1800
A8: 2021 | B8: 10 | C8: 22 | D8: =給料!M80 -> 2300 | E8: =IF(D7=0,C7+E7,C7) -> 23 | F8: =IF(D8=0,F7,D8/E8) -> 100 | G8: =E8*F8 -> 2300
A9: 2021 | B9: 11 | C9: 23 | D9: =給料!M81 -> 2200 | E9: =IF(D8=0,C8+E8,C8) -> 22 | F9: =IF(D9=0,F8,D9/E9) -> 100 | G9: =E9*F9 -> 2200
A10: 2021 | B10: 12 | C10: 23 | D10: =給料!M82 -> 2300 | E10: =IF(D9=0,C9+E9,C9) -> 23 | F10: =IF(D10=0,F9,D10/E10) -> 100 | G10: =E10*F10 -> 2300
A11: 2022 | B11: 1 | C11: 22 | D11: =給料!M83 -> 2300 | E11: =IF(D10=0,C10+E10,C10) -> 23 | F11: =IF(D11=0,F10,D11/E11) -> 100 | G11: =E11*F11 -> 2300
A12: 2022 | B12: 2 | C12: 16 | D12: =給料!M84 -> 0 | E12: =IF(D11=0,C11+E11,C11) -> 22 | F12: =IF(D12=0,F11,D12/E12) -> 100 | G12: =E12*F12 -> 2200
A13: 2022 | B13: 3 | C13: 24 | D13: =給料!M85 -> 3800 | E13: =IF(D12=0,C12+E12,C12) -> 38 | F13: =IF(D13=0,F12,D13/E13) -> 100 | G13: =E13*F13 -> 3800
A14: =A2+1 -> 2022 | B14: =B2 -> 4 | C14: 20 | D14: =給料!M86 -> 2400 | E14: =IF(D13=0,C13+E13,C13) -> 24 | F14: =IF(D14=0,F13,D14/E14) -> 100 | G14: =E14*F14 -> 2400
A15: =A3+1 -> 2022 | B15: =B3 -> 5 | C15: 19 | D15: =給料!M87 -> 2000 | E15: =IF(D14=0,C14+E14,C14) -> 20 | F15: =IF(D15=0,F14,D15/E15) -> 100 | G15: =E15*F15 -> 2000
A16: =A4+1 -> 2022 | B16: =B4 -> 6 | C16: 25 | D16: =給料!M88 -> 1900 | E16: =IF(D15=0,C15+E15,C15) -> 19 | F16: =IF(D16=0,F15,D16/E16) -> 100 | G16: =E16*F16 -> 1900
A17: =A5+1 -> 2022 | B17: =B5 -> 7 | C17: 22 | D17: =給料!M89 -> 2500 | E17: =IF(D16=0,C16+E16,C16) -> 25 | F17: =IF(D17=0,F16,D17/E17) -> 100 | G17: =E17*F17 -> 2500
A18: =A6+1 -> 2022 | B18: =B6 -> 8 | C18: 26 | D18: =給料!M90 -> 0 | E18: =IF(D17=0,C17+E17,C17) -> 22 | F18: =IF(D18=0,F17,D18/E18) -> 100 | G18: =E18*F18 -> 2200
A19: =A7+1 -> 2022 | B19: =B7 -> 9 | C19: 19 | D19: =給料!M91 -> 4800 | E19: =IF(D18=0,C18+E18,C18) -> 48 | F19: =IF(D19=0,F18,D19/E19) -> 100 | G19: =E19*F19 -> 4800
A20: =A8+1 -> 2022 | B20: =B8 -> 10 | C20: 20 | D20: =給料!M92 -> 0 | E20: =IF(D19=0,C19+E19,C19) -> 19 | F20: =IF(D20=0,F19,D20/E20) -> 100 | G20: =E20*F20 -> 1900
A21: =A9+1 -> 2022 | B21: =B9 -> 11 | C21: 24 | D21: =給料!M93 -> 3900 | E21: =IF(D20=0,C20+E20,C20) -> 39 | F21: =IF(D21=0,F20,D21/E21) -> 100 | G21: =E21*F21 -> 3900
A22: =A10+1 -> 2022 | B22: =B10 -> 12 | C22: 23 | D22: =給料!M94 -> 0 | E22: =IF(D21=0,C21+E21,C21) -> 24 | F22: =IF(D22=0,F21,D22/E22) -> 100 | G22: =E22*F22 -> 2400
A23: =A11+1 -> 2023 | B23: =B11 -> 1 | C23: 23 | D23: =給料!M95 -> 4700 | E23: =IF(D22=0,C22+E22,C22) -> 47 | F23: =IF(D23=0,F22,D23/E23) -> 100 | G23: =E23*F23 -> 4700
A24: =A12+1 -> 2023 | B24: =B12 -> 2 | C24: 23 | D24: =給料!M96 -> 2300 | E24: =IF(D23=0,C23+E23,C23) -> 23 | F24: =IF(D24=0,F23,D24/E24) -> 100 | G24: =E24*F24 -> 2300
A25: =A13+1 -> 2023 | B25: =B13 -> 3 | C25: 24 | D25: =給料!M97 -> 2300 | E25: =IF(D24=0,C24+E24,C24) -> 23 | F25: =IF(D25=0,F24,D25/E25) -> 100 | G25: =E25*F25 -> 2300
... A28: =A16+1 -> 2023 | B28: =B16 -> 6 | C28: 23 | D28: =給料!M100 -> 0 | E28: =IF(D27=0,C27+E27,C27) -> 18 | F28: =IF(D28=0,F27,D28/E28) -> 140 | G28: =E28*F28 -> 2520
A29: =A17+1 -> 2023 | B29: =B17 -> 7 | C29: 22 | D29: =給料!M101 -> 2520 | E29: =C27 -> 18 | F29: =IF(D29=0,F28,D29/E29) -> 140 | G29: =E29*F29 -> 2520
A30: =A18+1 -> 2023 | B30: =B18 -> 8 | C30: 25 | D30: =給料!M102 -> 6300 | E30: =C28+C29 -> 45 | F30: =IF(D30=0,F29,D30/E30) -> 140 | G30: =E30*F30 -> 6300
A31: =A19+1 -> 2023 | B31: =B19 -> 9 | C31: 22 | D31: =給料!M103 -> 3500 | E31: =IF(D30=0,C30+E30,C30) -> 25 | F31: =IF(D31=0,F30,D31/E31) -> 140 | G31: =E31*F31 -> 3500
A32: =A20+1 -> 2023 | B32: =B20 -> 10 | C32: 20 | D32: =給料!M104 -> 3080 | E32: =IF(D31=0,C31+E31,C31) -> 22 | F32: =IF(D32=0,F31,D32/E32) -> 140 | G32: =E32*F32 -> 3080
A33: =A21+1 -> 2023 | B33: =B21 -> 11 | C33: 22 | D33: =給料!M105 -> 2800 | E33: =IF(D32=0,C32+E32,C32) -> 20 | F33: =IF(D33=0,F32,D33/E33) -> 140 | G33: =E33*F33 -> 2800
A34: =A22+1 -> 2023 | B34: =B22 -> 12 | C34: 22 | D34: =給料!M106 -> 3080 | E34: =IF(D33=0,C33+E33,C33) -> 22 | F34: =IF(D34=0,F33,D34/E34) -> 140 | G34: =E34*F34 -> 3080
A35: =A23+1 -> 2024 | B35: =B23 -> 1 | C35: 21 | D35: =給料!M107 -> 3080 | E35: =IF(D34=0,C34+E34,C34) -> 22 | F35: =IF(D35=0,F34,D35/E35) -> 140 | G35: =E35*F35 -> 3080
A36: =A24+1 -> 2024 | B36: =B24 -> 2 | C36: 23 | D36: =給料!M108 -> 2940 | E36: =IF(D35=0,C35+E35,C35) -> 21 | F36: =IF(D36=0,F35,D36/E36) -> 140 | G36: =E36*F36 -> 2940
A37: =A25+1 -> 2024 | B37: =B25 -> 3 | C37: 21 | D37: =給料!M109 -> 3220 | E37: =IF(D36=0,C36+E36,C36) -> 23 | F37: =IF(D37=0,F36,D37/E37) -> 140 | G37: =E37*F37 -> 3220
A38: =A26+1 -> 2024 | B38: =B26 -> 4 | C38: 22 | D38: =給料!M110 -> 0 | E38: =IF(D37=0,C37+E37,C37) -> 21 | F38: =IF(D38=0,F37,D38/E38) -> 140 | G38: =E38*F38 -> 2940
A39: =A27+1 -> 2024 | B39: =B27 -> 5 | C39: 21 | D39: =給料!M111 -> 6020 | E39: =IF(D38=0,C38+E38,C38) -> 43 | F39: =IF(D39=0,F38,D39/E39) -> 140 | G39: =E39*F39 -> 6020
A40: =A28+1 -> 2024 | B40: =B28 -> 6 | C40: 18 | D40: =給料!M112 -> 2940 | E40: =IF(D39=0,C39+E39,C39) -> 21 | F40: =IF(D40=0,F39,D40/E40) -> 140 | G40: =E40*F40 -> 2940
A41: =A29+1 -> 2024 | B41: =B29 -> 7 | C41: 22 | D41: =給料!M113 -> 2520 | E41: =IF(D40=0,C40+E40,C40) -> 18 | F41: =IF(D41=0,F40,D41/E41) -> 140 | G41: =E41*F41 -> 2520
A42: =A30+1 -> 2024 | B42: =B30 -> 8 | C42: 22 | D42: =給料!M114 -> 3080 | E42: =IF(D41=0,C41+E41,C41) -> 22 | F42: =IF(D42=0,F41,D42/E42) -> 140 | G42: =E42*F42 -> 3080
... A50: =A38+1 -> 2025 | B50: =B38 -> 4 | C50: 20 | D50: =給料!M122 -> 0 | E50: =IF(D49=0,C49+E49,C49) -> 22 | F50: =IF(D50=0,F49,D50/E50) -> 150 | G50: =E50*F50 -> 3300
A51: =A39+1 -> 2025 | B51: =B39 -> 5 | C51: 18 | D51: =給料!M123 -> 3300 | E51: =C49 -> 22 | F51: =IF(D51=0,F50,D51/E51) -> 150 | G51: =E51*F51 -> 3300
A52: =A40+1 -> 2025 | B52: =B40 -> 6 | C52: 21 | D52: =給料!M124 -> 5320 | E52: =SUM(C50:C51) -> 38 | F52: =IF(D52=0,F51,D52/E52) -> 140 | G52: =E52*F52 -> 5320
A53: =A41+1 -> 2025 | B53: =B41 -> 7 | C53: 22 | D53: =給料!M125 -> 0 | E53: =C52 -> 21 | F53: =IF(D53=0,F52,D53/E53) -> 140 | G53: =E53*F53 -> 2940
A54: =A42+1 -> 2025 | B54: =B42 -> 8 | C54: 19 | D54: =給料!M126 -> 2940 | E54: =C52 -> 21 | F54: =IF(D54=0,F53,D54/E54) -> 140 | G54: =E54*F54 -> 2940
A55: =A43+1 -> 2025 | B55: =B43 -> 9 | C55: 19 | D55: =給料!M127 -> 3080 | E55: =C53 -> 22 | F55: =IF(D55=0,F54,D55/E55) -> 140 | G55: =E55*F55 -> 3080
A56: =A44+1 -> 2025 | B56: =B44 -> 10 | C56: 21 | D56: =給料!M128 -> 2660 | E56: =C54 -> 19 | F56: =IF(D56=0,F55,D56/E56) -> 140 | G56: =E56*F56 -> 2660
A57: =A45+1 -> 2025 | B57: =B45 -> 11 | C57: 17 | D57: =給料!M129 -> 5600 | E57: =SUM(C55:C56) -> 40 | F57: =IF(D57=0,F56,D57/E57) -> 140 | G57: =E57*F57 -> 5600
A58: =A46+1 -> 2025 | B58: =B46 -> 12 | C58: 20 | D58: =給料!M130 -> 2380 | E58: =IF(D57=0,C57+E57,C57) -> 17 | F58: =IF(D58=0,F57,D58/E58) -> 140 | G58: =E58*F58 -> 2380
A59: =A47+1 -> 2026 | B59: =B47 -> 1 | C59: 20 | D59: =給料!M131 -> 2800 | E59: =IF(D58=0,C58+E58,C58) -> 20 | F59: =IF(D59=0,F58,D59/E59) -> 140 | G59: =E59*F59 -> 2800
A60: =A48+1 -> 2026 | B60: =B48 -> 2 | C60: 18 | D60: =給料!M132 -> 2800 | E60: =IF(D59=0,C59+E59,C59) -> 20 | F60: =IF(D60=0,F59,D60/E60) -> 140 | G60: =E60*F60 -> 2800
A61: =A49+1 -> 2026 | B61: =B49 -> 3 | C61: 17 | D61: =給料!M133 -> 2520 | E61: =IF(D60=0,C60+E60,C60) -> 18 | F61: =IF(D61=0,F60,D61/E61) -> 140 | G61: =E61*F61 -> 2520
A62: =A50+1 -> 2026 | B62: =B50 -> 4 | C62: 20 | D62: =給料!M134 -> 0 | E62: =IF(D61=0,C61+E61,C61) -> 17 | F62: =IF(D62=0,F61,D62/E62) -> 140 | G62: =E62*F62 -> 2380
A63: =A51+1 -> 2026 | B63: =B51 -> 5 | C63: 16 | D63: =給料!M135 -> 5180 | E63: =IF(D62=0,C62+E62,C62) -> 37 | F63: =IF(D63=0,F62,D63/E63) -> 140 | G63: =E63*F63 -> 5180
A64: =A52+1 -> 2026 | B64: =B52 -> 6 | C64: 18 | D64: =給料!M136 -> 2240 | E64: =IF(D63=0,C63+E63,C63) -> 16 | F64: =IF(D64=0,F63,D64/E64) -> 140 | G64: =E64*F64 -> 2240
A65: =A53+1 -> 2026 | B65: =B53 -> 7 | D65: =給料!M137 -> 0 | E65: =IF(D64=0,C64+E64,C64) -> 18 | F65: =IF(D65=0,F64,D65/E65) -> 140 | G65: =E65*F65 -> 2520
A66: =A54+1 -> 2026 | B66: =B54 -> 8 | D66: =給料!M138 -> 0 | E66: =IF(D65=0,C65+E65,C65) -> 18 | F66: =IF(D66=0,F65,D66/E66) -> 140 | G66: =E66*F66 -> 2520
A67: =A55+1 -> 2026 | B67: =B55 -> 9 | D67: =給料!M139 -> 0 | E67: =IF(D66=0,C66+E66,C66) -> 18 | F67: =IF(D67=0,F66,D67/E67) -> 140 | G67: =E67*F67 -> 2520
A68: =A56+1 -> 2026 | B68: =B56 -> 10 | D68: =給料!M140 -> 0 | E68: =IF(D67=0,C67+E67,C67) -> 18 | F68: =IF(D68=0,F67,D68/E68) -> 140 | G68: =E68*F68 -> 2520
A69: =A57+1 -> 2026 | B69: =B57 -> 11 | D69: =給料!M141 -> 0 | E69: =IF(D68=0,C68+E68,C68) -> 18 | F69: =IF(D69=0,F68,D69/E69) -> 140 | G69: =E69*F69 -> 2520
A70: =A58+1 -> 2026 | B70: =B58 -> 12 | D70: =給料!M142 -> 0 | E70: =IF(D69=0,C69+E69,C69) -> 18 | F70: =IF(D70=0,F69,D70/E70) -> 140 | G70: =E70*F70 -> 2520

Sheet 出張
E1: 金額 | F1: 支払金額 | G1: 電車 | H1: 移動日当 | I1: 宿泊日当 | J1: 新幹線 | K1: 宿泊
A2: 44862 | B2: 出張 | C2: 静岡 | D2: 名古屋 | E2: =SUM(G2:K2) -> 14689 | F2: =SUM(G2:K2)-J2-K2 -> 2800 | G2: =150+150 -> 300 | H2: 2500 | I2: 0 | J2: =5949+5940 -> 11889 | K2: 0
A3: 44875 | B3: 通勤 | C3: 静岡 | E3: =SUM(G3:K3) -> 300 | F3: =SUM(G3:K3)-J3-K3 -> 300 | G3: =150+150 -> 300 | H3: 0 | I3: 0 | J3: 0 | K3: 0
A4: 44914 | B4: 出張 | C4: 静岡 | D4: 広島 | E4: =SUM(G4:K4) -> 26080 | F4: =SUM(G4:K4)-J4-K4 -> 3950 | G4: 150 | H4: 1000 | I4: 2800 | J4: 15330 | K4: 6800
A5: 44915 | B5: 出張 | C5: 静岡 | D5: 広島 | E5: =SUM(G5:K5) -> 16480 | F5: =SUM(G5:K5)-J5-K5 -> 1150 | G5: 150 | H5: =1000 -> 1000 | I5: 0 | J5: 15330 | K5: 0
A6: 44918 | B6: 出張 | C6: 静岡 | D6: 名古屋 | E6: =SUM(G6:K6) -> 14680 | F6: =SUM(G6:K6)-J6-K6 -> 2800 | G6: =150+150 -> 300 | H6: 2500 | I6: 0 | J6: =5940+5940 -> 11880 | K6: 0
A7: 44923 | B7: 通勤 | C7: 静岡 | E7: =SUM(G7:K7) -> 300 | F7: =SUM(G7:K7)-J7-K7 -> 300 | G7: =150+150 -> 300 | H7: 0 | I7: 0 | J7: 0 | K7: 0
A8: 44979 | B8: 出張 | C8: 静岡 | D8: 玉川事業場 | E8: =SUM(G8:K8) -> 14616 | F8: =SUM(G8:K8)-J8-K8 -> 3136 | G8: =150+168+168+150 -> 636 | H8: 2500 | I8: 0 | J8: =5740+5740 -> 11480 | K8: 0
A9: 45002 | B9: 出張 | C9: 静岡 | D9: 名古屋 | E9: =SUM(G9:K9) -> 16600 | F9: =SUM(G9:K9)-J9-K9 -> 4720 | G9: =1110+1110 -> 2220 | H9: 2500 | I9: 0 | J9: =5940+5940 -> 11880 | K9: 0
A10: 45014 | B10: 出張 | C10: 静岡 | D10: 名古屋 | E10: =SUM(G10:K10) -> 16600 | F10: =SUM(G10:K10)-J10-K10 -> 4720 | G10: =1110+1110 -> 2220 | H10: 2500 | I10: 0 | J10: =5940+5940 -> 11880 | K10: 0
A11: 45016 | B11: 通勤 | C11: 静岡 | E11: =SUM(G11:K11) -> 2220 | F11: =SUM(G11:K11)-J11-K11 -> 2220 | G11: =1110+1110 -> 2220 | H11: 0 | I11: 0 | J11: 0 | K11: 0
B12: 出張 | C12: 静岡 | E12: =SUM(G12:K12) -> 0 | F12: =SUM(G12:K12)-J12-K12 -> 0
B13: 出張 | C13: 静岡 | E13: =SUM(G13:K13) -> 0 | F13: =SUM(G13:K13)-J13-K13 -> 0
B14: 出張 | C14: 静岡 | E14: =SUM(G14:K14) -> 0 | F14: =SUM(G14:K14)-J14-K14 -> 0
B15: 出張 | C15: 静岡 | E15: =SUM(G15:K15) -> 0 | F15: =SUM(G15:K15)-J15-K15 -> 0
B16: 出張 | C16: 静岡 | E16: =SUM(G16:K16) -> 0 | F16: =SUM(G16:K16)-J16-K16 -> 0
B17: 出張 | C17: 静岡 | E17: =SUM(G17:K17) -> 0 | F17: =SUM(G17:K17)-J17-K17 -> 0
B18: 出張 | C18: 静岡 | E18: =SUM(G18:K18) -> 0 | F18: =SUM(G18:K18)-J18-K18 -> 0
B19: 出張 | C19: 静岡 | E19: =SUM(G19:K19) -> 0 | F19: =SUM(G19:K19)-J19-K19 -> 0
B20: 出張 | C20: 静岡 | E20: =SUM(G20:K20) -> 0 | F20: =SUM(G20:K20)-J20-K20 -> 0
B21: 出張 | C21: 静岡 | E21: =SUM(G21:K21) -> 0 | F21: =SUM(G21:K21)-J21-K21 -> 0
B22: 出張 | C22: 静岡 | E22: =SUM(G22:K22) -> 0 | F22: =SUM(G22:K22)-J22-K22 -> 0
B23: 出張 | C23: 静岡 | E23: =SUM(G23:K23) -> 0 | F23: =SUM(G23:K23)-J23-K23 -> 0
... B41: 出張 | C41: 静岡 | E41: =SUM(G41:K41) -> 0 | F41: =SUM(G41:K41)-J41-K41 -> 0
